transect_no,site_no,site_name,year,date,distance,species1,cover1,species2,cover2,species3,cover3,species4,cover4
1,LTO8,CAVES,2017,06/01/2017,0,NA,0,NA,0,NA,0,NA,0
1,LTO8,CAVES,2017,06/01/2017,2.5,Favia,55,NA,0,NA,0,NA,0
1,LTO8,CAVES,2017,06/01/2017,5,Porites,11,NA,0,NA,0,NA,0
1,LTO8,CAVES,2017,06/01/2017,7.5,Porites,22,NA,0,NA,0,NA,0
1,LTO8,CAVES,2017,06/01/2017,10,NA,0,NA,0,NA,0,NA,0
1,LTO8,CAVES,2017,06/01/2017,12.5,Porites,44,NA,0,NA,0,NA,0
1,LTO8,CAVES,2017,06/01/2017,15,NA,0,NA,0,NA,0,NA,0
1,LTO8,CAVES,2017,06/01/2017,17.5,Porites,60,NA,0,NA,0,NA,0
1,LTO8,CAVES,2017,06/01/2017,20,NA,0,NA,0,NA,0,NA,0
1,LTO8,CAVES,2017,06/01/2017,22.5,NA,0,NA,0,NA,0,NA,0
1,LTO8,CAVES,2017,06/01/2017,25,NA,0,NA,0,NA,0,NA,0
2,LTO8,CAVES,2017,6/13/2017,0,NA,0,NA,0,NA,0,NA,0
2,LTO8,CAVES,2017,6/13/2017,2.5,Porites,11,NA,0,NA,0,NA,0
2,LTO8,CAVES,2017,6/13/2017,5,Porites,33,NA,0,NA,0,NA,0
2,LTO8,CAVES,2017,6/13/2017,7.5,Lobophyllia,11,NA,0,NA,0,NA,0
2,LTO8,CAVES,2017,6/13/2017,10,Porites,77,NA,0,NA,0,NA,0
2,LTO8,CAVES,2017,6/13/2017,12.5,NA,0,NA,0,NA,0,NA,0
2,LTO8,CAVES,2017,6/13/2017,15,Porites,100,NA,0,NA,0,NA,0
2,LTO8,CAVES,2017,6/13/2017,17.5,NA,0,NA,0,NA,0,NA,0
2,LTO8,CAVES,2017,6/13/2017,20,NA,0,NA,0,NA,0,NA,0
2,LTO8,CAVES,2017,6/13/2017,22.5,NA,0,NA,0,NA,0,NA,0
2,LTO8,CAVES,2017,6/13/2017,25,NA,0,NA,0,NA,0,NA,0
3,LTO13,PAO,2017,6/13/2017,0,NA,0,NA,0,NA,0,NA,0
3,LTO13,PAO,2017,6/13/2017,2.5,NA,0,NA,0,NA,0,NA,0
3,LTO13,PAO,2017,6/13/2017,5,NA,0,NA,0,NA,0,NA,0
3,LTO13,PAO,2017,6/13/2017,7.5,Favia,11,NA,0,NA,0,NA,0
3,LTO13,PAO,2017,6/13/2017,10,NA,0,NA,0,NA,0,NA,0
3,LTO13,PAO,2017,6/13/2017,12.5,Favia,11,Porites,11,NA,0,NA,0
3,LTO13,PAO,2017,6/13/2017,15,Porites,11,NA,0,NA,0,NA,0
3,LTO13,PAO,2017,6/13/2017,17.5,NA,0,NA,0,NA,0,NA,0
3,LTO13,PAO,2017,6/13/2017,20,Acropora ,33,NA,0,NA,0,NA,0
3,LTO13,PAO,2017,6/13/2017,22.5,NA,0,NA,0,NA,0,NA,0
3,LTO13,PAO,2017,6/13/2017,25,Lobophytum ,22,NA,0,NA,0,NA,0
4,LTO10,DEVILS,2017,6/15/2017,0,NA,0,NA,0,NA,0,NA,0
4,LTO10,DEVILS,2017,6/15/2017,2.5,NA,0,NA,0,NA,0,NA,0
4,LTO10,DEVILS,2017,6/15/2017,5,NA,0,NA,0,NA,0,NA,0
4,LTO10,DEVILS,2017,6/15/2017,7.5,NA,0,NA,0,NA,0,NA,0
4,LTO10,DEVILS,2017,6/15/2017,10,NA,0,NA,0,NA,0,NA,0
4,LTO10,DEVILS,2017,6/15/2017,12.5,Lobophytum ,11,NA,0,NA,0,NA,0
4,LTO10,DEVILS,2017,6/15/2017,15,NA,0,NA,0,NA,0,NA,0
4,LTO10,DEVILS,2017,6/15/2017,17.5,Lobophytum ,11,Pocllipora,22,NA,0,NA,0
4,LTO10,DEVILS,2017,6/15/2017,20,Lobophytum ,11,NA,0,NA,0,NA,0
4,LTO10,DEVILS,2017,6/15/2017,22.5,Sinularia,44,Porites,11,NA,0,NA,0
4,LTO10,DEVILS,2017,6/15/2017,25,NA,0,NA,0,NA,0,NA,0
5,LTO10,DEVILS,2017,6/17/2017,0,NA,0,NA,0,NA,0,NA,0
5,LTO10,DEVILS,2017,6/17/2017,2.5,NA,0,NA,0,NA,0,NA,0
5,LTO10,DEVILS,2017,6/17/2017,5,NA,0,NA,0,NA,0,NA,0
5,LTO10,DEVILS,2017,6/17/2017,7.5,NA,0,NA,0,NA,0,NA,0
5,LTO10,DEVILS,2017,6/17/2017,10,NA,0,NA,0,NA,0,NA,0
5,LTO10,DEVILS,2017,6/17/2017,12.5,NA,0,NA,0,NA,0,NA,0
5,LTO10,DEVILS,2017,6/17/2017,15,NA,0,NA,0,NA,0,NA,0
5,LTO10,DEVILS,2017,6/17/2017,17.5,Lobophytum ,11,NA,0,NA,0,NA,0
5,LTO10,DEVILS,2017,6/17/2017,20,NA,0,NA,0,NA,0,NA,0
5,LTO10,DEVILS,2017,6/17/2017,22.5,NA,0,NA,0,NA,0,NA,0
5,LTO10,DEVILS,2017,6/17/2017,25,NA,0,NA,0,NA,0,NA,0
6,LTO8,CAVES,2017,6/21/2017,0,NA,0,NA,0,NA,0,NA,0
6,LTO8,CAVES,2017,6/21/2017,2.5,Lobophytum ,11,NA,0,NA,0,NA,0
6,LTO8,CAVES,2017,6/21/2017,5,NA,0,NA,0,NA,0,NA,0
6,LTO8,CAVES,2017,6/21/2017,7.5,NA,0,NA,0,NA,0,NA,0
6,LTO8,CAVES,2017,6/21/2017,10,Pocillopora,11,NA,0,NA,0,NA,0
6,LTO8,CAVES,2017,6/21/2017,12.5,Porites,22,NA,0,NA,0,NA,0
6,LTO8,CAVES,2017,6/21/2017,15,NA,0,NA,0,NA,0,NA,0
6,LTO8,CAVES,2017,6/21/2017,17.5,Porites,33,NA,0,NA,0,NA,0
6,LTO8,CAVES,2017,6/21/2017,20,NA,0,NA,0,NA,0,NA,0
6,LTO8,CAVES,2017,6/21/2017,22.5,Acropora ,22,NA,0,NA,0,NA,0
6,LTO8,CAVES,2017,6/21/2017,25,Favia,11,NA,0,NA,0,NA,0
7,LTO10,DEVILS,2017,6/21/2017,0,Acropora ,11,NA,0,NA,0,NA,0
7,LTO10,DEVILS,2017,6/21/2017,2.5,Heteractis crispa,11,NA,0,NA,0,NA,0
7,LTO10,DEVILS,2017,6/21/2017,5,Symphyllia,22,NA,0,NA,0,NA,0
7,LTO10,DEVILS,2017,6/21/2017,7.5,NA,0,NA,0,NA,0,NA,0
7,LTO10,DEVILS,2017,6/21/2017,10,Rumphella,11,NA,0,NA,0,NA,0
7,LTO10,DEVILS,2017,6/21/2017,12.5,NA,0,NA,0,NA,0,NA,0
7,LTO10,DEVILS,2017,6/21/2017,15,NA,0,NA,0,NA,0,NA,0
7,LTO10,DEVILS,2017,6/21/2017,17.5,NA,0,NA,0,NA,0,NA,0
7,LTO10,DEVILS,2017,6/21/2017,20,NA,0,NA,0,NA,0,NA,0
7,LTO10,DEVILS,2017,6/21/2017,22.5,Acropora ,11,NA,0,NA,0,NA,0
7,LTO10,DEVILS,2017,6/21/2017,25,NA,0,NA,0,NA,0,NA,0
8,LTO13,PAO,2017,6/22/2017,0,NA,0,NA,0,NA,0,NA,0
8,LTO13,PAO,2017,6/22/2017,2.5,NA,0,NA,0,NA,0,NA,0
8,LTO13,PAO,2017,6/22/2017,5,NA,0,NA,0,NA,0,NA,0
8,LTO13,PAO,2017,6/22/2017,7.5,Favia,11,NA,0,NA,0,NA,0
8,LTO13,PAO,2017,6/22/2017,10,NA,0,NA,0,NA,0,NA,0
8,LTO13,PAO,2017,6/22/2017,12.5,NA,0,NA,0,NA,0,NA,0
8,LTO13,PAO,2017,6/22/2017,15,NA,0,NA,0,NA,0,NA,0
8,LTO13,PAO,2017,6/22/2017,17.5,NA,0,NA,0,NA,0,NA,0
8,LTO13,PAO,2017,6/22/2017,20,Pocillopora,11,Favia,11,NA,0,NA,0
8,LTO13,PAO,2017,6/22/2017,22.5,NA,0,NA,0,NA,0,NA,0
8,LTO13,PAO,2017,6/22/2017,25,NA,0,NA,0,NA,0,NA,0
9,LTO8,CAVES,2017,6/28/2017,0,NA,0,NA,0,NA,0,NA,0
9,LTO8,CAVES,2017,6/28/2017,2.5,NA,0,NA,0,NA,0,NA,0
9,LTO8,CAVES,2017,6/28/2017,5,NA,0,NA,0,NA,0,NA,0
9,LTO8,CAVES,2017,6/28/2017,7.5,NA,0,NA,0,NA,0,NA,0
9,LTO8,CAVES,2017,6/28/2017,10,NA,0,NA,0,NA,0,NA,0
9,LTO8,CAVES,2017,6/28/2017,12.5,Acropora ,11,NA,0,NA,0,NA,0
9,LTO8,CAVES,2017,6/28/2017,15,NA,0,NA,0,NA,0,NA,0
9,LTO8,CAVES,2017,6/28/2017,17.5,NA,0,NA,0,NA,0,NA,0
9,LTO8,CAVES,2017,6/28/2017,20,NA,0,NA,0,NA,0,NA,0
9,LTO8,CAVES,2017,6/28/2017,22.5,NA,0,NA,0,NA,0,NA,0
9,LTO8,CAVES,2017,6/28/2017,25,Porites,11,NA,0,NA,0,NA,0
10,LTO9,BATFISH,2017,6/28/2017,0,NA,0,NA,0,NA,0,NA,0
10,LTO9,BATFISH,2017,6/28/2017,2.5,Porites,44,NA,0,NA,0,NA,0
10,LTO9,BATFISH,2017,6/28/2017,5,NA,0,NA,0,NA,0,NA,0
10,LTO9,BATFISH,2017,6/28/2017,7.5,Porites,33,NA,0,NA,0,NA,0
10,LTO9,BATFISH,2017,6/28/2017,10,Platygyra,11,NA,0,NA,0,NA,0
10,LTO9,BATFISH,2017,6/28/2017,12.5,NA,0,NA,0,NA,0,NA,0
10,LTO9,BATFISH,2017,6/28/2017,15,NA,0,NA,0,NA,0,NA,0
10,LTO9,BATFISH,2017,6/28/2017,17.5,NA,0,NA,0,NA,0,NA,0
10,LTO9,BATFISH,2017,6/28/2017,20,NA,0,NA,0,NA,0,NA,0
10,LTO9,BATFISH,2017,6/28/2017,22.5,Lobophytum ,11,Favia,11,NA,0,NA,0
10,LTO9,BATFISH,2017,6/28/2017,25,NA,0,NA,0,NA,0,NA,0
11,LTO10 ,DEVILS,2017,6/29/2017,0,NA,0,NA,0,NA,0,NA,0
11,LTO10 ,DEVILS,2017,6/29/2017,2.5,Lobophytum ,16.5,Pocillopora ,5.5,NA,0,NA,0
11,LTO10 ,DEVILS,2017,6/29/2017,5,NA,0,NA,0,NA,0,NA,0
11,LTO10 ,DEVILS,2017,6/29/2017,7.5,Favia,22,Porites,33,NA,0,NA,0
11,LTO10 ,DEVILS,2017,6/29/2017,10,NA,0,NA,0,NA,0,NA,0
11,LTO10 ,DEVILS,2017,6/29/2017,12.5,NA,0,NA,0,NA,0,NA,0
11,LTO10 ,DEVILS,2017,6/29/2017,15,NA,0,NA,0,NA,0,NA,0
11,LTO10 ,DEVILS,2017,6/29/2017,17.5,NA,0,NA,0,NA,0,NA,0
11,LTO10 ,DEVILS,2017,6/29/2017,20,Porites,33,NA,0,NA,0,NA,0
11,LTO10 ,DEVILS,2017,6/29/2017,22.5,Acropora ,11,NA,0,NA,0,NA,0
11,LTO10 ,DEVILS,2017,6/29/2017,25,NA,0,NA,0,NA,0,NA,0
12,LTO13,PAO,2017,6/29/2017,0,NA,0,NA,0,NA,0,NA,0
12,LTO13,PAO,2017,6/29/2017,2.5,NA,0,NA,0,NA,0,NA,0
12,LTO13,PAO,2017,6/29/2017,5,Porites,22,NA,0,NA,0,NA,0
12,LTO13,PAO,2017,6/29/2017,7.5,NA,0,NA,0,NA,0,NA,0
12,LTO13,PAO,2017,6/29/2017,10,NA,0,NA,0,NA,0,NA,0
12,LTO13,PAO,2017,6/29/2017,12.5,NA,0,NA,0,NA,0,NA,0
12,LTO13,PAO,2017,6/29/2017,15,NA,0,NA,0,NA,0,NA,0
12,LTO13,PAO,2017,6/29/2017,17.5,NA,0,NA,0,NA,0,NA,0
12,LTO13,PAO,2017,6/29/2017,20,NA,0,NA,0,NA,0,NA,0
12,LTO13,PAO,2017,6/29/2017,22.5,NA,0,NA,0,NA,0,NA,0
12,LTO13,PAO,2017,6/29/2017,25,NA,0,NA,0,NA,0,NA,0
13,LTO10,DEVILS,2017,07/10/2017,0,NA,0,NA,0,NA,0,NA,0
13,LTO10,DEVILS,2017,07/10/2017,2.5,NA,0,NA,0,NA,0,NA,0
13,LTO10,DEVILS,2017,07/10/2017,5,NA,0,NA,0,NA,0,NA,0
13,LTO10,DEVILS,2017,07/10/2017,7.5,NA,0,NA,0,NA,0,NA,0
13,LTO10,DEVILS,2017,07/10/2017,10,NA,0,NA,0,NA,0,NA,0
13,LTO10,DEVILS,2017,07/10/2017,12.5,NA,0,NA,0,NA,0,NA,0
13,LTO10,DEVILS,2017,07/10/2017,15,NA,0,NA,0,NA,0,NA,0
13,LTO10,DEVILS,2017,07/10/2017,17.5,NA,0,NA,0,NA,0,NA,0
13,LTO10,DEVILS,2017,07/10/2017,20,NA,0,NA,0,NA,0,NA,0
13,LTO10,DEVILS,2017,07/10/2017,22.5,Sinularia,11,NA,0,NA,0,NA,0
13,LTO10,DEVILS,2017,07/10/2017,25,NA,0,NA,0,NA,0,NA,0
14,LTO13,PAO,2017,07/10/2017,0,NA,0,NA,0,NA,0,NA,0
14,LTO13,PAO,2017,07/10/2017,2.5,NA,0,NA,0,NA,0,NA,0
14,LTO13,PAO,2017,07/10/2017,5,NA,0,NA,0,NA,0,NA,0
14,LTO13,PAO,2017,07/10/2017,7.5,NA,0,NA,0,NA,0,NA,0
14,LTO13,PAO,2017,07/10/2017,10,NA,0,NA,0,NA,0,NA,0
14,LTO13,PAO,2017,07/10/2017,12.5,NA,0,NA,0,NA,0,NA,0
14,LTO13,PAO,2017,07/10/2017,15,NA,0,NA,0,NA,0,NA,0
14,LTO13,PAO,2017,07/10/2017,17.5,NA,0,NA,0,NA,0,NA,0
14,LTO13,PAO,2017,07/10/2017,20,NA,0,NA,0,NA,0,NA,0
14,LTO13,PAO,2017,07/10/2017,22.5,Sinularia,11,NA,0,NA,0,NA,0
14,LTO13,PAO,2017,07/10/2017,25,NA,0,NA,0,NA,0,NA,0
15,LTO13,PAO,2017,07/11/2017,0,NA,0,NA,0,NA,0,NA,0
15,LTO13,PAO,2017,07/11/2017,2.5,NA,0,NA,0,NA,0,NA,0
15,LTO13,PAO,2017,07/11/2017,5,NA,0,NA,0,NA,0,NA,0
15,LTO13,PAO,2017,07/11/2017,7.5,Montipora,3,NA,0,NA,0,NA,0
15,LTO13,PAO,2017,07/11/2017,10,NA,0,NA,0,NA,0,NA,0
15,LTO13,PAO,2017,07/11/2017,12.5,NA,0,NA,0,NA,0,NA,0
15,LTO13,PAO,2017,07/11/2017,15,NA,0,NA,0,NA,0,NA,0
15,LTO13,PAO,2017,07/11/2017,17.5,Lobophytum ,7,NA,0,NA,0,NA,0
15,LTO13,PAO,2017,07/11/2017,20,NA,0,NA,0,NA,0,NA,0
15,LTO13,PAO,2017,07/11/2017,22.5,Favites,21,NA,0,NA,0,NA,0
15,LTO13,PAO,2017,07/11/2017,25,NA,0,NA,0,NA,0,NA,0
16,LTO10,DEVILS,2017,07/11/2017,0,NA,0,NA,0,NA,0,NA,0
16,LTO10,DEVILS,2017,07/11/2017,2.5,NA,0,NA,0,NA,0,NA,0
16,LTO10,DEVILS,2017,07/11/2017,5,NA,0,NA,0,NA,0,NA,0
16,LTO10,DEVILS,2017,07/11/2017,7.5,NA,0,NA,0,NA,0,NA,0
16,LTO10,DEVILS,2017,07/11/2017,10,NA,0,NA,0,NA,0,NA,0
16,LTO10,DEVILS,2017,07/11/2017,12.5,NA,0,NA,0,NA,0,NA,0
16,LTO10,DEVILS,2017,07/11/2017,15,NA,0,NA,0,NA,0,NA,0
16,LTO10,DEVILS,2017,07/11/2017,17.5,NA,0,NA,0,NA,0,NA,0
16,LTO10,DEVILS,2017,07/11/2017,20,Porites,5,NA,0,NA,0,NA,0
16,LTO10,DEVILS,2017,07/11/2017,22.5,Porites,4,NA,0,NA,0,NA,0
16,LTO10,DEVILS,2017,07/11/2017,25,NA,0,NA,0,NA,0,NA,0
17,LTO10,DEVILS,2017,07/12/2017,0,NA,0,NA,0,NA,0,NA,0
17,LTO10,DEVILS,2017,07/12/2017,2.5,NA,0,NA,0,NA,0,NA,0
17,LTO10,DEVILS,2017,07/12/2017,5,Lobophytum ,4,NA,0,NA,0,NA,0
17,LTO10,DEVILS,2017,07/12/2017,7.5,Lobophytum ,11,NA,0,NA,0,NA,0
17,LTO10,DEVILS,2017,07/12/2017,10,NA,0,NA,0,NA,0,NA,0
17,LTO10,DEVILS,2017,07/12/2017,12.5,Favia,1,NA,0,NA,0,NA,0
17,LTO10,DEVILS,2017,07/12/2017,15,Favites,30,NA,0,NA,0,NA,0
17,LTO10,DEVILS,2017,07/12/2017,17.5,NA,0,NA,0,NA,0,NA,0
17,LTO10,DEVILS,2017,07/12/2017,20,Lobophytum ,1,NA,0,NA,0,NA,0
17,LTO10,DEVILS,2017,07/12/2017,22.5,NA,0,NA,0,NA,0,NA,0
17,LTO10,DEVILS,2017,07/12/2017,25,NA,0,NA,0,NA,0,NA,0
18,LTO10,DEVILS,2017,7/13/2017,0,NA,0,NA,0,NA,0,NA,0
18,LTO10,DEVILS,2017,7/13/2017,2.5,NA,0,NA,0,NA,0,NA,0
18,LTO10,DEVILS,2017,7/13/2017,5,NA,0,NA,0,NA,0,NA,0
18,LTO10,DEVILS,2017,7/13/2017,7.5,Lobophytum ,34,NA,0,NA,0,NA,0
18,LTO10,DEVILS,2017,7/13/2017,10,Lobophytum ,30,NA,0,NA,0,NA,0
18,LTO10,DEVILS,2017,7/13/2017,12.5,Lobophytum ,5,NA,0,NA,0,NA,0
18,LTO10,DEVILS,2017,7/13/2017,15,Pocillopora,15,NA,0,NA,0,NA,0
18,LTO10,DEVILS,2017,7/13/2017,17.5,NA,0,NA,0,NA,0,NA,0
18,LTO10,DEVILS,2017,7/13/2017,20,Lobophytum ,5,NA,0,NA,0,NA,0
18,LTO10,DEVILS,2017,7/13/2017,22.5,NA,0,NA,0,NA,0,NA,0
18,LTO10,DEVILS,2017,7/13/2017,25,Sinularia,10,Lobophytum,3,Favites,2,Heteractis magnifica,40
19,LTO10,DEVILS,2017,7/14/2017,0,NA,0,NA,0,NA,0,NA,0
19,LTO10,DEVILS,2017,7/14/2017,2.5,Porites,0.5,NA,0,NA,0,NA,0
19,LTO10,DEVILS,2017,7/14/2017,5,NA,0,NA,0,NA,0,NA,0
19,LTO10,DEVILS,2017,7/14/2017,7.5,NA,0,NA,0,NA,0,NA,0
19,LTO10,DEVILS,2017,7/14/2017,10,Porites,1,NA,0,NA,0,NA,0
19,LTO10,DEVILS,2017,7/14/2017,12.5,NA,0,NA,0,NA,0,NA,0
19,LTO10,DEVILS,2017,7/14/2017,15,Favites,1,NA,0,NA,0,NA,0
19,LTO10,DEVILS,2017,7/14/2017,17.5,Favites,3,NA,0,NA,0,NA,0
19,LTO10,DEVILS,2017,7/14/2017,20,NA,0,NA,0,NA,0,NA,0
19,LTO10,DEVILS,2017,7/14/2017,22.5,Porites,2,NA,0,NA,0,NA,0
19,LTO10,DEVILS,2017,7/14/2017,25,NA,0,NA,0,NA,0,NA,0
20,LTO10,DEVILS,2017,7/14/2017,0,NA,0,NA,0,NA,0,NA,0
20,LTO10,DEVILS,2017,7/14/2017,2.5,Oulophyllia,4,Favites,1,NA,0,NA,0
20,LTO10,DEVILS,2017,7/14/2017,5,NA,0,NA,0,NA,0,NA,0
20,LTO10,DEVILS,2017,7/14/2017,7.5,NA,0,NA,0,NA,0,NA,0
20,LTO10,DEVILS,2017,7/14/2017,10,NA,0,NA,0,NA,0,NA,0
20,LTO10,DEVILS,2017,7/14/2017,12.5,Cladiella,9,NA,0,NA,0,NA,0
20,LTO10,DEVILS,2017,7/14/2017,15,NA,0,NA,0,NA,0,NA,0
20,LTO10,DEVILS,2017,7/14/2017,17.5,NA,0,NA,0,NA,0,NA,0
20,LTO10,DEVILS,2017,7/14/2017,20,Lobophytum ,2,NA,0,NA,0,NA,0
20,LTO10,DEVILS,2017,7/14/2017,22.5,NA,0,NA,0,NA,0,NA,0
20,LTO10,DEVILS,2017,7/14/2017,25,NA,0,NA,0,NA,0,NA,0
21,LTO13,PAO,2017,7/18/2017,0,Lobophytum ,4,NA,0,NA,0,NA,0
21,LTO13,PAO,2017,7/18/2017,2.5,Lobophytum ,2,NA,0,NA,0,NA,0
21,LTO13,PAO,2017,7/18/2017,5,Lobophytum ,1,NA,0,NA,0,NA,0
21,LTO13,PAO,2017,7/18/2017,7.5,Porites,10,Lobophytum,4,NA,0,NA,0
21,LTO13,PAO,2017,7/18/2017,10,NA,0,NA,0,NA,0,NA,0
21,LTO13,PAO,2017,7/18/2017,12.5,Porites,70,NA,0,NA,0,NA,0
21,LTO13,PAO,2017,7/18/2017,15,NA,0,NA,0,NA,0,NA,0
21,LTO13,PAO,2017,7/18/2017,17.5,Cladiella,3,NA,0,NA,0,NA,0
21,LTO13,PAO,2017,7/18/2017,20,NA,0,NA,0,NA,0,NA,0
21,LTO13,PAO,2017,7/18/2017,22.5,NA,0,NA,0,NA,0,NA,0
21,LTO13,PAO,2017,7/18/2017,25,Lobophytum ,77,NA,0,NA,0,NA,0
22,LTO10,DEVILS,2017,7/19/2017,0,NA,0,NA,0,NA,0,NA,0
22,LTO10,DEVILS,2017,7/19/2017,2.5,NA,0,NA,0,NA,0,NA,0
22,LTO10,DEVILS,2017,7/19/2017,5,NA,0,NA,0,NA,0,NA,0
22,LTO10,DEVILS,2017,7/19/2017,7.5,Lobophytum ,38,NA,0,NA,0,NA,0
22,LTO10,DEVILS,2017,7/19/2017,10,NA,0,NA,0,NA,0,NA,0
22,LTO10,DEVILS,2017,7/19/2017,12.5,Lobophytum ,1,Favites ,3,Porites,18,NA,0
22,LTO10,DEVILS,2017,7/19/2017,15,NA,0,NA,0,NA,0,NA,0
22,LTO10,DEVILS,2017,7/19/2017,17.5,NA,0,NA,0,NA,0,NA,0
22,LTO10,DEVILS,2017,7/19/2017,20,Sinularia,0,NA,0,NA,0,NA,0
22,LTO10,DEVILS,2017,7/19/2017,22.5,Dendronephthya,8,NA,0,NA,0,NA,0
22,LTO10,DEVILS,2017,7/19/2017,25,NA,0,NA,0,NA,0,NA,0
23,LTO10,DEVILS,2017,7/19/2017,0,Alcyoniidae,3,NA,0,NA,0,NA,0
23,LTO10,DEVILS,2017,7/19/2017,2.5,NA,0,NA,0,NA,0,NA,0
23,LTO10,DEVILS,2017,7/19/2017,5,NA,0,NA,0,NA,0,NA,0
23,LTO10,DEVILS,2017,7/19/2017,7.5,NA,0,NA,0,NA,0,NA,0
23,LTO10,DEVILS,2017,7/19/2017,10,NA,0,NA,0,NA,0,NA,0
23,LTO10,DEVILS,2017,7/19/2017,12.5,NA,0,NA,0,NA,0,NA,0
23,LTO10,DEVILS,2017,7/19/2017,15,NA,0,NA,0,NA,0,NA,0
23,LTO10,DEVILS,2017,7/19/2017,17.5,NA,0,NA,0,NA,0,NA,0
23,LTO10,DEVILS,2017,7/19/2017,20,NA,0,NA,0,NA,0,NA,0
23,LTO10,DEVILS,2017,7/19/2017,22.5,NA,0,NA,0,NA,0,NA,0
23,LTO10,DEVILS,2017,7/19/2017,25,Sinularia,11,NA,0,NA,0,NA,0
24,LTO9,BATFISH,2017,7/20/2017,0,NA,0,NA,0,NA,0,NA,0
24,LTO9,BATFISH,2017,7/20/2017,2.5,NA,0,NA,0,NA,0,NA,0
24,LTO9,BATFISH,2017,7/20/2017,5,NA,0,NA,0,NA,0,NA,0
24,LTO9,BATFISH,2017,7/20/2017,7.5,NA,0,NA,0,NA,0,NA,0
24,LTO9,BATFISH,2017,7/20/2017,10,Lobophytum ,9,NA,0,NA,0,NA,0
24,LTO9,BATFISH,2017,7/20/2017,12.5,NA,0,NA,0,NA,0,NA,0
24,LTO9,BATFISH,2017,7/20/2017,15,NA,0,NA,0,NA,0,NA,0
24,LTO9,BATFISH,2017,7/20/2017,17.5,Lobophytum ,3,NA,0,NA,0,NA,0
24,LTO9,BATFISH,2017,7/20/2017,20,NA,0,NA,0,NA,0,NA,0
24,LTO9,BATFISH,2017,7/20/2017,22.5,NA,0,NA,0,NA,0,NA,0
24,LTO9,BATFISH,2017,7/20/2017,25,NA,0,NA,0,NA,0,NA,0
25,LTO9,BATFISH,2017,7/21/2017,0,NA,0,NA,0,NA,0,NA,0
25,LTO9,BATFISH,2017,7/21/2017,2.5,Lobophytum ,95,NA,0,NA,0,NA,0
25,LTO9,BATFISH,2017,7/21/2017,5,NA,0,NA,0,NA,0,NA,0
25,LTO9,BATFISH,2017,7/21/2017,7.5,NA,0,NA,0,NA,0,NA,0
25,LTO9,BATFISH,2017,7/21/2017,10,Lobophytum ,2,NA,0,NA,0,NA,0
25,LTO9,BATFISH,2017,7/21/2017,12.5,NA,0,NA,0,NA,0,NA,0
25,LTO9,BATFISH,2017,7/21/2017,15,Favites,15,NA,0,NA,0,NA,0
25,LTO9,BATFISH,2017,7/21/2017,17.5,NA,0,NA,0,NA,0,NA,0
25,LTO9,BATFISH,2017,7/21/2017,20,NA,0,NA,0,NA,0,NA,0
25,LTO9,BATFISH,2017,7/21/2017,22.5,NA,0,NA,0,NA,0,NA,0
25,LTO9,BATFISH,2017,7/21/2017,25,NA,0,NA,0,NA,0,NA,0
26,LTO9,BATFISH,2017,7/21/2017,0,NA,0,NA,0,NA,0,NA,0
26,LTO9,BATFISH,2017,7/21/2017,2.5,NA,0,NA,0,NA,0,NA,0
26,LTO9,BATFISH,2017,7/21/2017,5,NA,0,NA,0,NA,0,NA,0
26,LTO9,BATFISH,2017,7/21/2017,7.5,NA,0,NA,0,NA,0,NA,0
26,LTO9,BATFISH,2017,7/21/2017,10,NA,0,NA,0,NA,0,NA,0
26,LTO9,BATFISH,2017,7/21/2017,12.5,Favites,2,Lobophytum,4,NA,0,NA,0
26,LTO9,BATFISH,2017,7/21/2017,15,NA,0,NA,0,NA,0,NA,0
26,LTO9,BATFISH,2017,7/21/2017,17.5,Porites,60,NA,0,NA,0,NA,0
26,LTO9,BATFISH,2017,7/21/2017,20,Porites,2,NA,0,NA,0,NA,0
26,LTO9,BATFISH,2017,7/21/2017,22.5,Favites,4,NA,0,NA,0,NA,0
26,LTO9,BATFISH,2017,7/21/2017,25,NA,0,NA,0,NA,0,NA,0
27,LTO8,CAVES,2017,7/24/2017,0,NA,0,NA,0,NA,0,NA,0
27,LTO8,CAVES,2017,7/24/2017,2.5,NA,0,NA,0,NA,0,NA,0
27,LTO8,CAVES,2017,7/24/2017,5,NA,0,NA,0,NA,0,NA,0
27,LTO8,CAVES,2017,7/24/2017,7.5,Porites,96,NA,0,NA,0,NA,0
27,LTO8,CAVES,2017,7/24/2017,10,Lobophytum ,25,NA,0,NA,0,NA,0
27,LTO8,CAVES,2017,7/24/2017,12.5,Lobophytum ,66,NA,0,NA,0,NA,0
27,LTO8,CAVES,2017,7/24/2017,15,Lobophytum ,11,Porites,17,NA,0,NA,0
27,LTO8,CAVES,2017,7/24/2017,17.5,NA,0,NA,0,NA,0,NA,0
27,LTO8,CAVES,2017,7/24/2017,20,Favites,4,NA,0,NA,0,NA,0
27,LTO8,CAVES,2017,7/24/2017,22.5,Goniopora,2,Lobophytum,5,NA,0,NA,0
27,LTO8,CAVES,2017,7/24/2017,25,Porites,24,NA,0,NA,0,NA,0
28,LTO10,DEVILS,2017,7/25/2017,0,NA,0,NA,0,NA,0,NA,0
28,LTO10,DEVILS,2017,7/25/2017,2.5,NA,0,NA,0,NA,0,NA,0
28,LTO10,DEVILS,2017,7/25/2017,5,NA,0,NA,0,NA,0,NA,0
28,LTO10,DEVILS,2017,7/25/2017,7.5,NA,0,NA,0,NA,0,NA,0
28,LTO10,DEVILS,2017,7/25/2017,10,Lobophytum ,4,NA,0,NA,0,NA,0
28,LTO10,DEVILS,2017,7/25/2017,12.5,Lobophytum ,2,NA,0,NA,0,NA,0
28,LTO10,DEVILS,2017,7/25/2017,15,NA,0,NA,0,NA,0,NA,0
28,LTO10,DEVILS,2017,7/25/2017,17.5,NA,0,NA,0,NA,0,NA,0
28,LTO10,DEVILS,2017,7/25/2017,20,NA,0,NA,0,NA,0,NA,0
28,LTO10,DEVILS,2017,7/25/2017,22.5,NA,0,NA,0,NA,0,NA,0
28,LTO10,DEVILS,2017,7/25/2017,25,NA,0,NA,0,NA,0,NA,0
29,LTO9,BATFISH,2017,7/25/2017,0,NA,0,NA,0,NA,0,NA,0
29,LTO9,BATFISH,2017,7/25/2017,2.5,NA,0,NA,0,NA,0,NA,0
29,LTO9,BATFISH,2017,7/25/2017,5,NA,0,NA,0,NA,0,NA,0
29,LTO9,BATFISH,2017,7/25/2017,7.5,NA,0,NA,0,NA,0,NA,0
29,LTO9,BATFISH,2017,7/25/2017,10,NA,0,NA,0,NA,0,NA,0
29,LTO9,BATFISH,2017,7/25/2017,12.5,NA,0,NA,0,NA,0,NA,0
29,LTO9,BATFISH,2017,7/25/2017,15,NA,0,NA,0,NA,0,NA,0
29,LTO9,BATFISH,2017,7/25/2017,17.5,NA,0,NA,0,NA,0,NA,0
29,LTO9,BATFISH,2017,7/25/2017,20,Lobophytum ,1,NA,0,NA,0,NA,0
29,LTO9,BATFISH,2017,7/25/2017,22.5,Porites,5,NA,0,NA,0,NA,0
29,LTO9,BATFISH,2017,7/25/2017,25,NA,0,NA,0,NA,0,NA,0
30,LTO8,CAVES,2017,7/26/2017,0,NA,0,NA,0,NA,0,NA,0
30,LTO8,CAVES,2017,7/26/2017,2.5,NA,0,NA,0,NA,0,NA,0
30,LTO8,CAVES,2017,7/26/2017,5,NA,0,NA,0,NA,0,NA,0
30,LTO8,CAVES,2017,7/26/2017,7.5,NA,0,NA,0,NA,0,NA,0
30,LTO8,CAVES,2017,7/26/2017,10,NA,0,NA,0,NA,0,NA,0
30,LTO8,CAVES,2017,7/26/2017,12.5,NA,0,NA,0,NA,0,NA,0
30,LTO8,CAVES,2017,7/26/2017,15,NA,0,NA,0,NA,0,NA,0
30,LTO8,CAVES,2017,7/26/2017,17.5,NA,0,NA,0,NA,0,NA,0
30,LTO8,CAVES,2017,7/26/2017,20,NA,0,NA,0,NA,0,NA,0
30,LTO8,CAVES,2017,7/26/2017,22.5,NA,0,NA,0,NA,0,NA,0
30,LTO8,CAVES,2017,7/26/2017,25,NA,0,NA,0,NA,0,NA,0
31,LTO9,BATFISH,2017,7/26/2017,0,NA,0,NA,0,NA,0,NA,0
31,LTO9,BATFISH,2017,7/26/2017,2.5,NA,0,NA,0,NA,0,NA,0
31,LTO9,BATFISH,2017,7/26/2017,5,NA,0,NA,0,NA,0,NA,0
31,LTO9,BATFISH,2017,7/26/2017,7.5,NA,0,NA,0,NA,0,NA,0
31,LTO9,BATFISH,2017,7/26/2017,10,NA,0,NA,0,NA,0,NA,0
31,LTO9,BATFISH,2017,7/26/2017,12.5,NA,0,NA,0,NA,0,NA,0
31,LTO9,BATFISH,2017,7/26/2017,15,NA,0,NA,0,NA,0,NA,0
31,LTO9,BATFISH,2017,7/26/2017,17.5,Lobophytum ,3,NA,0,NA,0,NA,0
31,LTO9,BATFISH,2017,7/26/2017,20,NA,0,NA,0,NA,0,NA,0
31,LTO9,BATFISH,2017,7/26/2017,22.5,NA,0,NA,0,NA,0,NA,0
31,LTO9,BATFISH,2017,7/26/2017,25,NA,0,NA,0,NA,0,NA,0
32,LTO8,CAVES,2017,7/26/2017,0,NA,0,NA,0,NA,0,NA,0
32,LTO8,CAVES,2017,7/26/2017,2.5,NA,0,NA,0,NA,0,NA,0
32,LTO8,CAVES,2017,7/26/2017,5,NA,0,NA,0,NA,0,NA,0
32,LTO8,CAVES,2017,7/26/2017,7.5,NA,0,NA,0,NA,0,NA,0
32,LTO8,CAVES,2017,7/26/2017,10,NA,0,NA,0,NA,0,NA,0
32,LTO8,CAVES,2017,7/26/2017,12.5,Porites,40,NA,0,NA,0,NA,0
32,LTO8,CAVES,2017,7/26/2017,15,Echinopora,12,NA,0,NA,0,NA,0
32,LTO8,CAVES,2017,7/26/2017,17.5,NA,0,NA,0,NA,0,NA,0
32,LTO8,CAVES,2017,7/26/2017,20,NA,0,NA,0,NA,0,NA,0
32,LTO8,CAVES,2017,7/26/2017,22.5,Porites,62,NA,0,NA,0,NA,0
32,LTO8,CAVES,2017,7/26/2017,25,NA,0,NA,0,NA,0,NA,0
33,LTO13,PAO,2017,7/27/2017,0,NA,0,NA,0,NA,0,NA,0
33,LTO13,PAO,2017,7/27/2017,2.5,Lobophytum ,40,NA,0,NA,0,NA,0
33,LTO13,PAO,2017,7/27/2017,5,NA,0,NA,0,NA,0,NA,0
33,LTO13,PAO,2017,7/27/2017,7.5,NA,0,NA,0,NA,0,NA,0
33,LTO13,PAO,2017,7/27/2017,10,NA,0,NA,0,NA,0,NA,0
33,LTO13,PAO,2017,7/27/2017,12.5,NA,0,NA,0,NA,0,NA,0
33,LTO13,PAO,2017,7/27/2017,15,Lobophytum ,60,NA,0,NA,0,NA,0
33,LTO13,PAO,2017,7/27/2017,17.5,Lobophytum ,2,NA,0,NA,0,NA,0
33,LTO13,PAO,2017,7/27/2017,20,NA,0,NA,0,NA,0,NA,0
33,LTO13,PAO,2017,7/27/2017,22.5,NA,0,NA,0,NA,0,NA,0
33,LTO13,PAO,2017,7/27/2017,25,Lobophytum ,5,NA,0,NA,0,NA,0
34,LTO10,DEVILS,2017,7/27/2017,0,NA,0,NA,0,NA,0,NA,0
34,LTO10,DEVILS,2017,7/27/2017,2.5,NA,0,NA,0,NA,0,NA,0
34,LTO10,DEVILS,2017,7/27/2017,5,Favites,1,NA,0,NA,0,NA,0
34,LTO10,DEVILS,2017,7/27/2017,7.5,Lobophytum ,1,NA,0,NA,0,NA,0
34,LTO10,DEVILS,2017,7/27/2017,10,NA,0,NA,0,NA,0,NA,0
34,LTO10,DEVILS,2017,7/27/2017,12.5,Porites,15,NA,0,NA,0,NA,0
34,LTO10,DEVILS,2017,7/27/2017,15,NA,0,NA,0,NA,0,NA,0
34,LTO10,DEVILS,2017,7/27/2017,17.5,NA,0,NA,0,NA,0,NA,0
34,LTO10,DEVILS,2017,7/27/2017,20,Favites,4,NA,0,NA,0,NA,0
34,LTO10,DEVILS,2017,7/27/2017,22.5,Favites,2,NA,0,NA,0,NA,0
34,LTO10,DEVILS,2017,7/27/2017,25,NA,0,NA,0,NA,0,NA,0
35,LTO10,DEVILS,2017,7/31/2017,0,NA,0,NA,0,NA,0,NA,0
35,LTO10,DEVILS,2017,7/31/2017,2.5,NA,0,NA,0,NA,0,NA,0
35,LTO10,DEVILS,2017,7/31/2017,5,NA,0,NA,0,NA,0,NA,0
35,LTO10,DEVILS,2017,7/31/2017,7.5,NA,0,NA,0,NA,0,NA,0
35,LTO10,DEVILS,2017,7/31/2017,10,NA,0,NA,0,NA,0,NA,0
35,LTO10,DEVILS,2017,7/31/2017,12.5,NA,0,NA,0,NA,0,NA,0
35,LTO10,DEVILS,2017,7/31/2017,15,Porites,45,NA,0,NA,0,NA,0
35,LTO10,DEVILS,2017,7/31/2017,17.5,Porites,35,NA,0,NA,0,NA,0
35,LTO10,DEVILS,2017,7/31/2017,20,NA,0,NA,0,NA,0,NA,0
35,LTO10,DEVILS,2017,7/31/2017,22.5,NA,0,NA,0,NA,0,NA,0
35,LTO10,DEVILS,2017,7/31/2017,25,NA,0,NA,0,NA,0,NA,0
36,LTO13,PAO,2017,08/01/2017,0,NA,0,NA,0,NA,0,NA,0
36,LTO13,PAO,2017,08/01/2017,2.5,NA,0,NA,0,NA,0,NA,0
36,LTO13,PAO,2017,08/01/2017,5,NA,0,NA,0,NA,0,NA,0
36,LTO13,PAO,2017,08/01/2017,7.5,NA,0,NA,0,NA,0,NA,0
36,LTO13,PAO,2017,08/01/2017,10,NA,0,NA,0,NA,0,NA,0
36,LTO13,PAO,2017,08/01/2017,12.5,NA,0,NA,0,NA,0,NA,0
36,LTO13,PAO,2017,08/01/2017,15,NA,0,NA,0,NA,0,NA,0
36,LTO13,PAO,2017,08/01/2017,17.5,NA,0,NA,0,NA,0,NA,0
36,LTO13,PAO,2017,08/01/2017,20,NA,0,NA,0,NA,0,NA,0
36,LTO13,PAO,2017,08/01/2017,22.5,NA,0,NA,0,NA,0,NA,0
36,LTO13,PAO,2017,08/01/2017,25,NA,0,NA,0,NA,0,NA,0
37,LTO10,DEVILS,2017,08/01/2017,0,Favia,3,NA,0,NA,0,NA,0
37,LTO10,DEVILS,2017,08/01/2017,2.5,Pachyseris,11,NA,0,NA,0,NA,0
37,LTO10,DEVILS,2017,08/01/2017,5,Lobophytum ,5,NA,0,NA,0,NA,0
37,LTO10,DEVILS,2017,08/01/2017,7.5,Lobophytum ,8,NA,0,NA,0,NA,0
37,LTO10,DEVILS,2017,08/01/2017,10,Lobophytum ,11,NA,0,NA,0,NA,0
37,LTO10,DEVILS,2017,08/01/2017,12.5,Cladiella,5,NA,0,NA,0,NA,0
37,LTO10,DEVILS,2017,08/01/2017,15,NA,0,NA,0,NA,0,NA,0
37,LTO10,DEVILS,2017,08/01/2017,17.5,Cladiella,5,NA,0,NA,0,NA,0
37,LTO10,DEVILS,2017,08/01/2017,20,NA,0,NA,0,NA,0,NA,0
37,LTO10,DEVILS,2017,08/01/2017,22.5,NA,0,NA,0,NA,0,NA,0
37,LTO10,DEVILS,2017,08/01/2017,25,NA,0,NA,0,NA,0,NA,0
38,LTO10,DEVILS,2017,08/01/2017,0,NA,0,NA,0,NA,0,NA,0
38,LTO10,DEVILS,2017,08/01/2017,2.5,NA,0,NA,0,NA,0,NA,0
38,LTO10,DEVILS,2017,08/01/2017,5,NA,0,NA,0,NA,0,NA,0
38,LTO10,DEVILS,2017,08/01/2017,7.5,NA,0,NA,0,NA,0,NA,0
38,LTO10,DEVILS,2017,08/01/2017,10,NA,0,NA,0,NA,0,NA,0
38,LTO10,DEVILS,2017,08/01/2017,12.5,NA,0,NA,0,NA,0,NA,0
38,LTO10,DEVILS,2017,08/01/2017,15,NA,0,NA,0,NA,0,NA,0
38,LTO10,DEVILS,2017,08/01/2017,17.5,NA,0,NA,0,NA,0,NA,0
38,LTO10,DEVILS,2017,08/01/2017,20,NA,0,NA,0,NA,0,NA,0
38,LTO10,DEVILS,2017,08/01/2017,22.5,NA,0,NA,0,NA,0,NA,0
38,LTO10,DEVILS,2017,08/01/2017,25,NA,0,NA,0,NA,0,NA,0
39,LTO8,CAVES,2017,08/02/2017,0,NA,0,NA,0,NA,0,NA,0
39,LTO8,CAVES,2017,08/02/2017,2.5,NA,0,NA,0,NA,0,NA,0
39,LTO8,CAVES,2017,08/02/2017,5,NA,0,NA,0,NA,0,NA,0
39,LTO8,CAVES,2017,08/02/2017,7.5,NA,0,NA,0,NA,0,NA,0
39,LTO8,CAVES,2017,08/02/2017,10,NA,0,NA,0,NA,0,NA,0
39,LTO8,CAVES,2017,08/02/2017,12.5,NA,0,NA,0,NA,0,NA,0
39,LTO8,CAVES,2017,08/02/2017,15,NA,0,NA,0,NA,0,NA,0
39,LTO8,CAVES,2017,08/02/2017,17.5,NA,0,NA,0,NA,0,NA,0
39,LTO8,CAVES,2017,08/02/2017,20,Lobophytum ,13,NA,0,NA,0,NA,0
39,LTO8,CAVES,2017,08/02/2017,22.5,NA,0,NA,0,NA,0,NA,0
39,LTO8,CAVES,2017,08/02/2017,25,Porites,80,NA,0,NA,0,NA,0
40,LTO13,PAO,2017,08/02/2017,0,NA,0,NA,0,NA,0,NA,0
40,LTO13,PAO,2017,08/02/2017,2.5,NA,0,NA,0,NA,0,NA,0
40,LTO13,PAO,2017,08/02/2017,5,Porites,6,NA,0,NA,0,NA,0
40,LTO13,PAO,2017,08/02/2017,7.5,NA,0,NA,0,NA,0,NA,0
40,LTO13,PAO,2017,08/02/2017,10,NA,0,NA,0,NA,0,NA,0
40,LTO13,PAO,2017,08/02/2017,12.5,NA,0,NA,0,NA,0,NA,0
40,LTO13,PAO,2017,08/02/2017,15,NA,0,NA,0,NA,0,NA,0
40,LTO13,PAO,2017,08/02/2017,17.5,Lobophytum ,10,NA,0,NA,0,NA,0
40,LTO13,PAO,2017,08/02/2017,20,NA,0,NA,0,NA,0,NA,0
40,LTO13,PAO,2017,08/02/2017,22.5,NA,0,NA,0,NA,0,NA,0
40,LTO13,PAO,2017,08/02/2017,25,Porites,14,NA,0,NA,0,NA,0
41,LTO8,CAVES,2017,08/03/2017,0,Porites,60,NA,0,NA,0,NA,0
41,LTO8,CAVES,2017,08/03/2017,2.5,NA,0,NA,0,NA,0,NA,0
41,LTO8,CAVES,2017,08/03/2017,5,Favites,35,NA,0,NA,0,NA,0
41,LTO8,CAVES,2017,08/03/2017,7.5,NA,0,NA,0,NA,0,NA,0
41,LTO8,CAVES,2017,08/03/2017,10,NA,0,NA,0,NA,0,NA,0
41,LTO8,CAVES,2017,08/03/2017,12.5,NA,0,NA,0,NA,0,NA,0
41,LTO8,CAVES,2017,08/03/2017,15,Porites,40,NA,0,NA,0,NA,0
41,LTO8,CAVES,2017,08/03/2017,17.5,Porites,90,NA,0,NA,0,NA,0
41,LTO8,CAVES,2017,08/03/2017,20,NA,0,NA,0,NA,0,NA,0
41,LTO8,CAVES,2017,08/03/2017,22.5,NA,0,NA,0,NA,0,NA,0
41,LTO8,CAVES,2017,08/03/2017,25,NA,0,NA,0,NA,0,NA,0
42,LTO10,DEVILS,2017,08/03/2017,0,Favites,2,NA,0,NA,0,NA,0
42,LTO10,DEVILS,2017,08/03/2017,2.5,Lobophytum ,2,NA,0,NA,0,NA,0
42,LTO10,DEVILS,2017,08/03/2017,5,NA,0,NA,0,NA,0,NA,0
42,LTO10,DEVILS,2017,08/03/2017,7.5,NA,0,NA,0,NA,0,NA,0
42,LTO10,DEVILS,2017,08/03/2017,10,NA,0,NA,0,NA,0,NA,0
42,LTO10,DEVILS,2017,08/03/2017,12.5,NA,0,NA,0,NA,0,NA,0
42,LTO10,DEVILS,2017,08/03/2017,15,NA,0,NA,0,NA,0,NA,0
42,LTO10,DEVILS,2017,08/03/2017,17.5,NA,0,NA,0,NA,0,NA,0
42,LTO10,DEVILS,2017,08/03/2017,20,Lobophytum ,10,NA,0,NA,0,NA,0
42,LTO10,DEVILS,2017,08/03/2017,22.5,NA,0,NA,0,NA,0,NA,0
42,LTO10,DEVILS,2017,08/03/2017,25,Porites,65,NA,0,NA,0,NA,0
43,LTO8,CAVES,2017,08/04/2017,0,NA,0,NA,0,NA,0,NA,0
43,LTO8,CAVES,2017,08/04/2017,2.5,NA,0,NA,0,NA,0,NA,0
43,LTO8,CAVES,2017,08/04/2017,5,Lobophytum ,5,NA,0,NA,0,NA,0
43,LTO8,CAVES,2017,08/04/2017,7.5,NA,0,NA,0,NA,0,NA,0
43,LTO8,CAVES,2017,08/04/2017,10,NA,0,NA,0,NA,0,NA,0
43,LTO8,CAVES,2017,08/04/2017,12.5,NA,0,NA,0,NA,0,NA,0
43,LTO8,CAVES,2017,08/04/2017,15,NA,0,NA,0,NA,0,NA,0
43,LTO8,CAVES,2017,08/04/2017,17.5,NA,0,NA,0,NA,0,NA,0
43,LTO8,CAVES,2017,08/04/2017,20,NA,0,NA,0,NA,0,NA,0
43,LTO8,CAVES,2017,08/04/2017,22.5,NA,0,NA,0,NA,0,NA,0
43,LTO8,CAVES,2017,08/04/2017,25,NA,0,NA,0,NA,0,NA,0
44,LTO8,CAVES,2017,08/04/2017,0,NA,0,NA,0,NA,0,NA,0
44,LTO8,CAVES,2017,08/04/2017,2.5,Lobophytum ,55,Sinularia,20,NA,0,NA,0
44,LTO8,CAVES,2017,08/04/2017,5,Porites,22,NA,0,NA,0,NA,0
44,LTO8,CAVES,2017,08/04/2017,7.5,Lobophytum ,16,NA,0,NA,0,NA,0
44,LTO8,CAVES,2017,08/04/2017,10,NA,0,NA,0,NA,0,NA,0
44,LTO8,CAVES,2017,08/04/2017,12.5,Lobophytum ,20,NA,0,NA,0,NA,0
44,LTO8,CAVES,2017,08/04/2017,15,Porites,88,NA,0,NA,0,NA,0
44,LTO8,CAVES,2017,08/04/2017,17.5,Sinularia,6,NA,0,NA,0,NA,0
44,LTO8,CAVES,2017,08/04/2017,20,NA,0,NA,0,NA,0,NA,0
44,LTO8,CAVES,2017,08/04/2017,22.5,NA,0,NA,0,NA,0,NA,0
44,LTO8,CAVES,2017,08/04/2017,25,Lobophytum ,45,NA,0,NA,0,NA,0
45,LTO8,CAVES,2017,08/04/2017,0,Favia,8,NA,0,NA,0,NA,0
45,LTO8,CAVES,2017,08/04/2017,2.5,NA,0,NA,0,NA,0,NA,0
45,LTO8,CAVES,2017,08/04/2017,5,Cladiella,7,NA,0,NA,0,NA,0
45,LTO8,CAVES,2017,08/04/2017,7.5,Lobophytum ,30,NA,0,NA,0,NA,0
45,LTO8,CAVES,2017,08/04/2017,10,Sinularia,11,Echinopora,11,NA,0,NA,0
45,LTO8,CAVES,2017,08/04/2017,12.5,Lobophytum ,45,NA,0,NA,0,NA,0
45,LTO8,CAVES,2017,08/04/2017,15,NA,,NA,0,NA,0,NA,0
45,LTO8,CAVES,2017,08/04/2017,17.5,NA,0,NA,0,NA,0,NA,0
45,LTO8,CAVES,2017,08/04/2017,20,Lobophytum ,10,NA,0,NA,0,NA,0
45,LTO8,CAVES,2017,08/04/2017,22.5,NA,0,NA,0,NA,0,NA,0
45,LTO8,CAVES,2017,08/04/2017,25,NA,0,NA,0,NA,0,NA,0
46,LTO13,PAO,2017,8/21/2017,0,NA,0,NA,0,NA,0,NA,0
46,LTO13,PAO,2017,8/21/2017,2.5,NA,0,NA,0,NA,0,NA,0
46,LTO13,PAO,2017,8/21/2017,5,NA,0,NA,0,NA,0,NA,0
46,LTO13,PAO,2017,8/21/2017,7.5,NA,0,NA,0,NA,0,NA,0
46,LTO13,PAO,2017,8/21/2017,10,NA,0,NA,0,NA,0,NA,0
46,LTO13,PAO,2017,8/21/2017,12.5,NA,0,NA,0,NA,0,NA,0
46,LTO13,PAO,2017,8/21/2017,15,NA,0,NA,0,NA,0,NA,0
46,LTO13,PAO,2017,8/21/2017,17.5,NA,0,NA,0,NA,0,NA,0
46,LTO13,PAO,2017,8/21/2017,20,NA,0,NA,0,NA,0,NA,0
46,LTO13,PAO,2017,8/21/2017,22.5,NA,0,NA,0,NA,0,NA,0
46,LTO13,PAO,2017,8/21/2017,25,NA,0,NA,0,NA,0,NA,0
47,LTO13,PAO,2017,8/21/2017,0,NA,0,NA,0,NA,0,NA,0
47,LTO13,PAO,2017,8/21/2017,2.5,NA,0,NA,0,NA,0,NA,0
47,LTO13,PAO,2017,8/21/2017,5,Favites,5,NA,0,NA,0,NA,0
47,LTO13,PAO,2017,8/21/2017,7.5,NA,0,NA,0,NA,0,NA,0
47,LTO13,PAO,2017,8/21/2017,10,NA,0,NA,0,NA,0,NA,0
47,LTO13,PAO,2017,8/21/2017,12.5,NA,0,NA,0,NA,0,NA,0
47,LTO13,PAO,2017,8/21/2017,15,NA,0,NA,0,NA,0,NA,0
47,LTO13,PAO,2017,8/21/2017,17.5,NA,0,NA,0,NA,0,NA,0
47,LTO13,PAO,2017,8/21/2017,20,NA,0,NA,0,NA,0,NA,0
47,LTO13,PAO,2017,8/21/2017,22.5,NA,0,NA,0,NA,0,NA,0
47,LTO13,PAO,2017,8/21/2017,25,NA,0,NA,0,NA,0,NA,0
48,LTO10,DEVILS,2017,8/22/2017,0,NA,0,NA,0,NA,0,NA,0
48,LTO10,DEVILS,2017,8/22/2017,2.5,NA,0,NA,0,NA,0,NA,0
48,LTO10,DEVILS,2017,8/22/2017,5,NA,0,NA,0,NA,0,NA,0
48,LTO10,DEVILS,2017,8/22/2017,7.5,NA,0,NA,0,NA,0,NA,0
48,LTO10,DEVILS,2017,8/22/2017,10,NA,0,NA,0,NA,0,NA,0
48,LTO10,DEVILS,2017,8/22/2017,12.5,NA,0,NA,0,NA,0,NA,0
48,LTO10,DEVILS,2017,8/22/2017,15,NA,0,NA,0,NA,0,NA,0
48,LTO10,DEVILS,2017,8/22/2017,17.5,NA,0,NA,0,NA,0,NA,0
48,LTO10,DEVILS,2017,8/22/2017,20,Lobophytum ,5,NA,0,NA,0,NA,0
48,LTO10,DEVILS,2017,8/22/2017,22.5,NA,0,NA,0,NA,0,NA,0
48,LTO10,DEVILS,2017,8/22/2017,25,NA,0,NA,0,NA,0,NA,0
49,LTO9,BATFISH,2017,8/24/2017,0,NA,0,NA,0,NA,0,NA,0
49,LTO9,BATFISH,2017,8/24/2017,2.5,NA,0,NA,0,NA,0,NA,0
49,LTO9,BATFISH,2017,8/24/2017,5,NA,0,NA,0,NA,0,NA,0
49,LTO9,BATFISH,2017,8/24/2017,7.5,NA,0,NA,0,NA,0,NA,0
49,LTO9,BATFISH,2017,8/24/2017,10,NA,0,NA,0,NA,0,NA,0
49,LTO9,BATFISH,2017,8/24/2017,12.5,NA,0,NA,0,NA,0,NA,0
49,LTO9,BATFISH,2017,8/24/2017,15,NA,0,NA,0,NA,0,NA,0
49,LTO9,BATFISH,2017,8/24/2017,17.5,NA,0,NA,0,NA,0,NA,0
49,LTO9,BATFISH,2017,8/24/2017,20,NA,0,NA,0,NA,0,NA,0
49,LTO9,BATFISH,2017,8/24/2017,22.5,NA,0,NA,0,NA,0,NA,0
49,LTO9,BATFISH,2017,8/24/2017,25,NA,0,NA,0,NA,0,NA,0
50,LTO10,DEVILS,2017,8/28/2017,0,NA,0,NA,0,NA,0,NA,0
50,LTO10,DEVILS,2017,8/28/2017,2.5,NA,0,NA,0,NA,0,NA,0
50,LTO10,DEVILS,2017,8/28/2017,5,NA,0,NA,0,NA,0,NA,0
50,LTO10,DEVILS,2017,8/28/2017,7.5,NA,0,NA,0,NA,0,NA,0
50,LTO10,DEVILS,2017,8/28/2017,10,NA,0,NA,0,NA,0,NA,0
50,LTO10,DEVILS,2017,8/28/2017,12.5,NA,0,NA,0,NA,0,NA,0
50,LTO10,DEVILS,2017,8/28/2017,15,NA,0,NA,0,NA,0,NA,0
50,LTO10,DEVILS,2017,8/28/2017,17.5,NA,0,NA,0,NA,0,NA,0
50,LTO10,DEVILS,2017,8/28/2017,20,Favites,17,NA,0,NA,0,NA,0
50,LTO10,DEVILS,2017,8/28/2017,22.5,NA,0,NA,0,NA,0,NA,0
50,LTO10,DEVILS,2017,8/28/2017,25,NA,0,NA,0,NA,0,NA,0
51,LTO8,CAVES,2017,8/29/2017,0,NA,0,NA,0,NA,0,NA,0
51,LTO8,CAVES,2017,8/29/2017,2.5,NA,0,NA,0,NA,0,NA,0
51,LTO8,CAVES,2017,8/29/2017,5,NA,0,NA,0,NA,0,NA,0
51,LTO8,CAVES,2017,8/29/2017,7.5,NA,0,NA,0,NA,0,NA,0
51,LTO8,CAVES,2017,8/29/2017,10,NA,0,NA,0,NA,0,NA,0
51,LTO8,CAVES,2017,8/29/2017,12.5,NA,0,NA,0,NA,0,NA,0
51,LTO8,CAVES,2017,8/29/2017,15,NA,0,NA,0,NA,0,NA,0
51,LTO8,CAVES,2017,8/29/2017,17.5,NA,0,NA,0,NA,0,NA,0
51,LTO8,CAVES,2017,8/29/2017,20,Lobophytum ,35,NA,0,NA,0,NA,0
51,LTO8,CAVES,2017,8/29/2017,22.5,NA,0,NA,0,NA,0,NA,0
51,LTO8,CAVES,2017,8/29/2017,25,NA,0,NA,0,NA,0,NA,0
52,LTO8,CAVES,2017,8/29/2017,0,Lobophytum ,10,Porites,5,NA,0,NA,0
52,LTO8,CAVES,2017,8/29/2017,2.5,NA,0,NA,0,NA,0,NA,0
52,LTO8,CAVES,2017,8/29/2017,5,NA,0,NA,0,NA,0,NA,0
52,LTO8,CAVES,2017,8/29/2017,7.5,NA,0,NA,0,NA,0,NA,0
52,LTO8,CAVES,2017,8/29/2017,10,NA,0,NA,0,NA,0,NA,0
52,LTO8,CAVES,2017,8/29/2017,12.5,Lobophytum ,15,NA,0,NA,0,NA,0
52,LTO8,CAVES,2017,8/29/2017,15,Lobophytum ,80,NA,0,NA,0,NA,0
52,LTO8,CAVES,2017,8/29/2017,17.5,NA,0,NA,0,NA,0,NA,0
52,LTO8,CAVES,2017,8/29/2017,20,Oulophyllia,5,NA,0,NA,0,NA,0
52,LTO8,CAVES,2017,8/29/2017,22.5,NA,0,NA,0,NA,0,NA,0
52,LTO8,CAVES,2017,8/29/2017,25,Pocillopora,10,NA,0,NA,0,NA,0
53,LTO13,PAO,2017,8/30/2017,0,NA,0,NA,0,NA,0,NA,0
53,LTO13,PAO,2017,8/30/2017,2.5,NA,0,NA,0,NA,0,NA,0
53,LTO13,PAO,2017,8/30/2017,5,NA,0,NA,0,NA,0,NA,0
53,LTO13,PAO,2017,8/30/2017,7.5,NA,0,NA,0,NA,0,NA,0
53,LTO13,PAO,2017,8/30/2017,10,NA,0,NA,0,NA,0,NA,0
53,LTO13,PAO,2017,8/30/2017,12.5,NA,0,NA,0,NA,0,NA,0
53,LTO13,PAO,2017,8/30/2017,15,NA,0,NA,0,NA,0,NA,0
53,LTO13,PAO,2017,8/30/2017,17.5,Dendronephthya,2,NA,0,NA,0,NA,0
53,LTO13,PAO,2017,8/30/2017,20,NA,0,NA,0,NA,0,NA,0
53,LTO13,PAO,2017,8/30/2017,22.5,NA,0,NA,0,NA,0,NA,0
53,LTO13,PAO,2017,8/30/2017,25,Dendronephthya,25,NA,0,NA,0,NA,0
54,LTO13,PAO,2017,8/30/2017,0,NA,0,NA,0,NA,0,NA,0
54,LTO13,PAO,2017,8/30/2017,2.5,NA,0,NA,0,NA,0,NA,0
54,LTO13,PAO,2017,8/30/2017,5,NA,0,NA,0,NA,0,NA,0
54,LTO13,PAO,2017,8/30/2017,7.5,NA,0,NA,0,NA,0,NA,0
54,LTO13,PAO,2017,8/30/2017,10,NA,0,NA,0,NA,0,NA,0
54,LTO13,PAO,2017,8/30/2017,12.5,Dendronephthya,7,NA,0,NA,0,NA,0
54,LTO13,PAO,2017,8/30/2017,15,NA,0,NA,0,NA,0,NA,0
54,LTO13,PAO,2017,8/30/2017,17.5,NA,0,NA,0,NA,0,NA,0
54,LTO13,PAO,2017,8/30/2017,20,NA,0,NA,0,NA,0,NA,0
54,LTO13,PAO,2017,8/30/2017,22.5,NA,0,NA,0,NA,0,NA,0
54,LTO13,PAO,2017,8/30/2017,25,NA,0,NA,0,NA,0,NA,0
55,LTO9,BATFISH,2017,09/01/2017,0,Lobophytum ,6,NA,0,NA,0,NA,0
55,LTO9,BATFISH,2017,09/01/2017,2.5,NA,0,NA,0,NA,0,NA,0
55,LTO9,BATFISH,2017,09/01/2017,5,NA,0,NA,0,NA,0,NA,0
55,LTO9,BATFISH,2017,09/01/2017,7.5,Leptogorgia,12,NA,0,NA,0,NA,0
55,LTO9,BATFISH,2017,09/01/2017,10,NA,0,NA,0,NA,0,NA,0
55,LTO9,BATFISH,2017,09/01/2017,12.5,NA,0,NA,0,NA,0,NA,0
55,LTO9,BATFISH,2017,09/01/2017,15,NA,0,NA,0,NA,0,NA,0
55,LTO9,BATFISH,2017,09/01/2017,17.5,NA,0,NA,0,NA,0,NA,0
55,LTO9,BATFISH,2017,09/01/2017,20,NA,0,NA,0,NA,0,NA,0
55,LTO9,BATFISH,2017,09/01/2017,22.5,NA,0,NA,0,NA,0,NA,0
55,LTO9,BATFISH,2017,09/01/2017,25,NA,0,NA,0,NA,0,NA,0
56,LTO13,PAO,2017,09/04/2017,0,NA,0,NA,0,NA,0,NA,0
56,LTO13,PAO,2017,09/04/2017,2.5,NA,0,NA,0,NA,0,NA,0
56,LTO13,PAO,2017,09/04/2017,5,NA,0,NA,0,NA,0,NA,0
56,LTO13,PAO,2017,09/04/2017,7.5,Lobophytum ,20,NA,0,NA,0,NA,0
56,LTO13,PAO,2017,09/04/2017,10,NA,0,NA,0,NA,0,NA,0
56,LTO13,PAO,2017,09/04/2017,12.5,NA,0,NA,0,NA,0,NA,0
56,LTO13,PAO,2017,09/04/2017,15,Leptoseris,10,NA,0,NA,0,NA,0
56,LTO13,PAO,2017,09/04/2017,17.5,NA,0,NA,0,NA,0,NA,0
56,LTO13,PAO,2017,09/04/2017,20,NA,0,NA,0,NA,0,NA,0
56,LTO13,PAO,2017,09/04/2017,22.5,NA,0,NA,0,NA,0,NA,0
56,LTO13,PAO,2017,09/04/2017,25,NA,0,NA,0,NA,0,NA,0
57,LTO10,DEVILS,2017,09/04/2017,0,NA,0,NA,0,NA,0,NA,0
57,LTO10,DEVILS,2017,09/04/2017,2.5,Acropora ,30,NA,0,NA,0,NA,0
57,LTO10,DEVILS,2017,09/04/2017,5,NA,0,NA,0,NA,0,NA,0
57,LTO10,DEVILS,2017,09/04/2017,7.5,NA,0,NA,0,NA,0,NA,0
57,LTO10,DEVILS,2017,09/04/2017,10,NA,0,NA,0,NA,0,NA,0
57,LTO10,DEVILS,2017,09/04/2017,12.5,Porites,80,NA,0,NA,0,NA,0
57,LTO10,DEVILS,2017,09/04/2017,15,Porites,50,NA,0,NA,0,NA,0
57,LTO10,DEVILS,2017,09/04/2017,17.5,NA,0,NA,0,NA,0,NA,0
57,LTO10,DEVILS,2017,09/04/2017,20,NA,0,NA,0,NA,0,NA,0
57,LTO10,DEVILS,2017,09/04/2017,22.5,NA,0,NA,0,NA,0,NA,0
57,LTO10,DEVILS,2017,09/04/2017,25,NA,0,NA,0,NA,0,NA,0
58,LTO10,DEVILS,2017,09/06/2017,0,Lobophytum ,2,NA,0,NA,0,NA,0
58,LTO10,DEVILS,2017,09/06/2017,2.5,Echinopora,3,Lobophytum ,6,NA,0,NA,0
58,LTO10,DEVILS,2017,09/06/2017,5,Lobophytum ,1,NA,0,NA,0,NA,0
58,LTO10,DEVILS,2017,09/06/2017,7.5,NA,0,NA,0,NA,0,NA,0
58,LTO10,DEVILS,2017,09/06/2017,10,NA,0,NA,0,NA,0,NA,0
58,LTO10,DEVILS,2017,09/06/2017,12.5,NA,0,NA,0,NA,0,NA,0
58,LTO10,DEVILS,2017,09/06/2017,15,NA,0,NA,0,NA,0,NA,0
58,LTO10,DEVILS,2017,09/06/2017,17.5,Porites,15,NA,0,NA,0,NA,0
58,LTO10,DEVILS,2017,09/06/2017,20,Lobophytum ,4,Porites,3,NA,0,NA,0
58,LTO10,DEVILS,2017,09/06/2017,22.5,NA,0,NA,0,NA,0,NA,0
58,LTO10,DEVILS,2017,09/06/2017,25,NA,0,NA,0,NA,0,NA,0
59,LTO8,CAVES,2017,09/07/2017,0,NA,0,NA,0,NA,0,NA,0
59,LTO8,CAVES,2017,09/07/2017,2.5,NA,0,NA,0,NA,0,NA,0
59,LTO8,CAVES,2017,09/07/2017,5,NA,0,NA,0,NA,0,NA,0
59,LTO8,CAVES,2017,09/07/2017,7.5,Porites,75,NA,0,NA,0,NA,0
59,LTO8,CAVES,2017,09/07/2017,10,Lobophytum ,10,NA,0,NA,0,NA,0
59,LTO8,CAVES,2017,09/07/2017,12.5,NA,0,NA,0,NA,0,NA,0
59,LTO8,CAVES,2017,09/07/2017,15,NA,0,NA,0,NA,0,NA,0
59,LTO8,CAVES,2017,09/07/2017,17.5,NA,0,NA,0,NA,0,NA,0
59,LTO8,CAVES,2017,09/07/2017,20,Lobophytum ,8,NA,0,NA,0,NA,0
59,LTO8,CAVES,2017,09/07/2017,22.5,NA,0,NA,0,NA,0,NA,0
59,LTO8,CAVES,2017,09/07/2017,25,NA,0,NA,0,NA,0,NA,0
60,LTO13,PAO,2017,09/07/2017,0,NA,0,NA,0,NA,0,NA,0
60,LTO13,PAO,2017,09/07/2017,2.5,Favites,5,NA,0,NA,0,NA,0
60,LTO13,PAO,2017,09/07/2017,5,Dendronephthya,3,NA,0,NA,0,NA,0
60,LTO13,PAO,2017,09/07/2017,7.5,NA,0,NA,0,NA,0,NA,0
60,LTO13,PAO,2017,09/07/2017,10,Dendronephthya,2,NA,0,NA,0,NA,0
60,LTO13,PAO,2017,09/07/2017,12.5,Dendronephthya,15,NA,0,NA,0,NA,0
60,LTO13,PAO,2017,09/07/2017,15,NA,0,NA,0,NA,0,NA,0
60,LTO13,PAO,2017,09/07/2017,17.5,Lobophytum ,7,NA,0,NA,0,NA,0
60,LTO13,PAO,2017,09/07/2017,20,NA,0,NA,0,NA,0,NA,0
60,LTO13,PAO,2017,09/07/2017,22.5,Dendronephthya,5,NA,0,NA,0,NA,0
60,LTO13,PAO,2017,09/07/2017,25,Dendronephthya,4,NA,0,NA,0,NA,0
61,LTO8,CAVES,2017,09/12/2017,0,NA,0,NA,0,NA,0,NA,0
61,LTO8,CAVES,2017,09/12/2017,2.5,NA,0,NA,0,NA,0,NA,0
61,LTO8,CAVES,2017,09/12/2017,5,NA,0,NA,0,NA,0,NA,0
61,LTO8,CAVES,2017,09/12/2017,7.5,NA,0,NA,0,NA,0,NA,0
61,LTO8,CAVES,2017,09/12/2017,10,NA,0,NA,0,NA,0,NA,0
61,LTO8,CAVES,2017,09/12/2017,12.5,NA,0,NA,0,NA,0,NA,0
61,LTO8,CAVES,2017,09/12/2017,15,NA,0,NA,0,NA,0,NA,0
61,LTO8,CAVES,2017,09/12/2017,17.5,Porites,15,NA,0,NA,0,NA,0
61,LTO8,CAVES,2017,09/12/2017,20,NA,0,NA,0,NA,0,NA,0
61,LTO8,CAVES,2017,09/12/2017,22.5,Lobophytum ,5,NA,0,NA,0,NA,0
61,LTO8,CAVES,2017,09/12/2017,25,NA,0,NA,0,NA,0,NA,0
62,LTO10,DEVILS,2017,9/13/2017,0,NA,0,NA,0,NA,0,NA,0
62,LTO10,DEVILS,2017,9/13/2017,2.5,NA,0,NA,0,NA,0,NA,0
62,LTO10,DEVILS,2017,9/13/2017,5,Heteractis crispa,44,NA,0,NA,0,NA,0
62,LTO10,DEVILS,2017,9/13/2017,7.5,NA,0,NA,0,NA,0,NA,0
62,LTO10,DEVILS,2017,9/13/2017,10,NA,0,NA,0,NA,0,NA,0
62,LTO10,DEVILS,2017,9/13/2017,12.5,Acropora ,22,NA,0,NA,0,NA,0
62,LTO10,DEVILS,2017,9/13/2017,15,NA,0,NA,0,NA,0,NA,0
62,LTO10,DEVILS,2017,9/13/2017,17.5,NA,0,NA,0,NA,0,NA,0
62,LTO10,DEVILS,2017,9/13/2017,20,Favites,3,NA,0,NA,0,NA,0
62,LTO10,DEVILS,2017,9/13/2017,22.5,NA,0,NA,0,NA,0,NA,0
62,LTO10,DEVILS,2017,9/13/2017,25,NA,0,NA,0,NA,0,NA,0
63,LTO8,CAVES,2017,9/14/2017,0,NA,0,NA,0,NA,0,NA,0
63,LTO8,CAVES,2017,9/14/2017,2.5,NA,0,NA,0,NA,0,NA,0
63,LTO8,CAVES,2017,9/14/2017,5,NA,0,NA,0,NA,0,NA,0
63,LTO8,CAVES,2017,9/14/2017,7.5,NA,0,NA,0,NA,0,NA,0
63,LTO8,CAVES,2017,9/14/2017,10,NA,0,NA,0,NA,0,NA,0
63,LTO8,CAVES,2017,9/14/2017,12.5,NA,0,NA,0,NA,0,NA,0
63,LTO8,CAVES,2017,9/14/2017,15,NA,0,NA,0,NA,0,NA,0
63,LTO8,CAVES,2017,9/14/2017,17.5,NA,0,NA,0,NA,0,NA,0
63,LTO8,CAVES,2017,9/14/2017,20,NA,0,NA,0,NA,0,NA,0
63,LTO8,CAVES,2017,9/14/2017,22.5,NA,0,NA,0,NA,0,NA,0
63,LTO8,CAVES,2017,9/14/2017,25,NA,0,NA,0,NA,0,NA,0
64,LTO13,PAO,2017,9/14/2017,0,NA,0,NA,0,NA,0,NA,0
64,LTO13,PAO,2017,9/14/2017,2.5,Favites,5,NA,0,NA,0,NA,0
64,LTO13,PAO,2017,9/14/2017,5,Favia,3,NA,0,NA,0,NA,0
64,LTO13,PAO,2017,9/14/2017,7.5,NA,0,NA,0,NA,0,NA,0
64,LTO13,PAO,2017,9/14/2017,10,NA,0,NA,0,NA,0,NA,0
64,LTO13,PAO,2017,9/14/2017,12.5,NA,0,NA,0,NA,0,NA,0
64,LTO13,PAO,2017,9/14/2017,15,NA,0,NA,0,NA,0,NA,0
64,LTO13,PAO,2017,9/14/2017,17.5,NA,0,NA,0,NA,0,NA,0
64,LTO13,PAO,2017,9/14/2017,20,Heteractis crispa,34,NA,0,NA,0,NA,0
64,LTO13,PAO,2017,9/14/2017,22.5,Lobophytum ,45,Porites,30,NA,0,NA,0
64,LTO13,PAO,2017,9/14/2017,25,NA,0,NA,0,NA,0,NA,0
65,LTO13,PAO,2017,9/15/2017,0,NA,0,NA,0,NA,0,NA,0
65,LTO13,PAO,2017,9/15/2017,2.5,NA,0,NA,0,NA,0,NA,0
65,LTO13,PAO,2017,9/15/2017,5,NA,0,NA,0,NA,0,NA,0
65,LTO13,PAO,2017,9/15/2017,7.5,NA,0,NA,0,NA,0,NA,0
65,LTO13,PAO,2017,9/15/2017,10,NA,0,NA,0,NA,0,NA,0
65,LTO13,PAO,2017,9/15/2017,12.5,NA,0,NA,0,NA,0,NA,0
65,LTO13,PAO,2017,9/15/2017,15,Oulophyllia,5,NA,0,NA,0,NA,0
65,LTO13,PAO,2017,9/15/2017,17.5,NA,0,NA,0,NA,0,NA,0
65,LTO13,PAO,2017,9/15/2017,20,NA,0,NA,0,NA,0,NA,0
65,LTO13,PAO,2017,9/15/2017,22.5,Pocillopora,0,NA,0,NA,0,NA,0
65,LTO13,PAO,2017,9/15/2017,25,Lobophytum ,30,NA,0,NA,0,NA,0
66,LTO10,DEVILS,2017,9/15/2017,0,NA,0,NA,0,NA,0,NA,0
66,LTO10,DEVILS,2017,9/15/2017,2.5,NA,0,NA,0,NA,0,NA,0
66,LTO10,DEVILS,2017,9/15/2017,5,NA,0,NA,0,NA,0,NA,0
66,LTO10,DEVILS,2017,9/15/2017,7.5,Porites,100,NA,0,NA,0,NA,0
66,LTO10,DEVILS,2017,9/15/2017,10,NA,0,NA,0,NA,0,NA,0
66,LTO10,DEVILS,2017,9/15/2017,12.5,NA,0,NA,0,NA,0,NA,0
66,LTO10,DEVILS,2017,9/15/2017,15,NA,0,NA,0,NA,0,NA,0
66,LTO10,DEVILS,2017,9/15/2017,17.5,NA,0,NA,0,NA,0,NA,0
66,LTO10,DEVILS,2017,9/15/2017,20,NA,0,NA,0,NA,0,NA,0
66,LTO10,DEVILS,2017,9/15/2017,22.5,NA,0,NA,0,NA,0,NA,0
66,LTO10,DEVILS,2017,9/15/2017,25,NA,0,NA,0,NA,0,NA,0
67,LTO10,DEVILS,2024,06/05/2024,0,NA,0,NA,0,NA,0,NA,0
67,LTO10,DEVILS,2024,06/05/2024,2.5,NA,0,NA,0,NA,0,NA,0
67,LTO10,DEVILS,2024,06/05/2024,5,NA,0,NA,0,NA,0,NA,0
67,LTO10,DEVILS,2024,06/05/2024,7.5,NA,0,NA,0,NA,0,NA,0
67,LTO10,DEVILS,2024,06/05/2024,10,NA,0,NA,0,NA,0,NA,0
67,LTO10,DEVILS,2024,06/05/2024,12.5,NA,0,NA,0,NA,0,NA,0
67,LTO10,DEVILS,2024,06/05/2024,15,Coscinaraea,20,NA,0,NA,0,NA,0
67,LTO10,DEVILS,2024,06/05/2024,17.5,NA,0,NA,0,NA,0,NA,0
67,LTO10,DEVILS,2024,06/05/2024,20,NA,0,NA,0,NA,0,NA,0
67,LTO10,DEVILS,2024,06/05/2024,22.5,Acropora ,50,NA,0,NA,0,NA,0
67,LTO10,DEVILS,2024,06/05/2024,25,NA,0,NA,0,NA,0,NA,0
68,LTO8,CAVES,2024,06/05/2024,0,Psammocora,55,NA,0,NA,0,NA,0
68,LTO8,CAVES,2024,06/05/2024,2.5,Psammocora,13,NA,0,NA,0,NA,0
68,LTO8,CAVES,2024,06/05/2024,5,NA,0,NA,0,NA,0,NA,0
68,LTO8,CAVES,2024,06/05/2024,7.5,NA,0,NA,0,NA,0,NA,0
68,LTO8,CAVES,2024,06/05/2024,10,NA,0,NA,0,NA,0,NA,0
68,LTO8,CAVES,2024,06/05/2024,12.5,NA,0,NA,0,NA,0,NA,0
68,LTO8,CAVES,2024,06/05/2024,15,Acanthastrea,5,NA,0,NA,0,NA,0
68,LTO8,CAVES,2024,06/05/2024,17.5,Psammocora,8,NA,0,NA,0,NA,0
68,LTO8,CAVES,2024,06/05/2024,20,Caulastraea,6,Goniastrea ,2,NA,0,NA,0
68,LTO8,CAVES,2024,06/05/2024,22.5,NA,0,NA,0,NA,0,NA,0
68,LTO8,CAVES,2024,06/05/2024,25,NA,0,NA,0,NA,0,NA,0
69,LTO9,BATFISH,2024,06/06/2024,0,NA,0,NA,0,NA,0,NA,0
69,LTO9,BATFISH,2024,06/06/2024,2.5,NA,0,NA,0,NA,0,NA,0
69,LTO9,BATFISH,2024,06/06/2024,5,NA,0,NA,0,NA,0,NA,0
69,LTO9,BATFISH,2024,06/06/2024,7.5,NA,0,NA,0,NA,0,NA,0
69,LTO9,BATFISH,2024,06/06/2024,10,NA,0,NA,0,NA,0,NA,0
69,LTO9,BATFISH,2024,06/06/2024,12.5,NA,0,NA,0,NA,0,NA,0
69,LTO9,BATFISH,2024,06/06/2024,15,NA,0,NA,0,NA,0,NA,0
69,LTO9,BATFISH,2024,06/06/2024,17.5,NA,0,NA,0,NA,0,NA,0
69,LTO9,BATFISH,2024,06/06/2024,20,NA,0,NA,0,NA,0,NA,0
69,LTO9,BATFISH,2024,06/06/2024,22.5,NA,0,NA,0,NA,0,NA,0
69,LTO9,BATFISH,2024,06/06/2024,25,Favites,10,NA,0,NA,0,NA,0
70,LTO10,DEVILS,2024,06/06/2024,0,NA,0,NA,0,NA,0,NA,0
70,LTO10,DEVILS,2024,06/06/2024,2.5,Pachyseris,4,NA,0,NA,0,NA,0
70,LTO10,DEVILS,2024,06/06/2024,5,Favites,6,NA,0,NA,0,NA,0
70,LTO10,DEVILS,2024,06/06/2024,7.5,Montipora,5,NA,0,NA,0,NA,0
70,LTO10,DEVILS,2024,06/06/2024,10,NA,0,NA,0,NA,0,NA,0
70,LTO10,DEVILS,2024,06/06/2024,12.5,Favites,3,NA,0,NA,0,NA,0
70,LTO10,DEVILS,2024,06/06/2024,15,NA,0,NA,0,NA,0,NA,0
70,LTO10,DEVILS,2024,06/06/2024,17.5,NA,0,NA,0,NA,0,NA,0
70,LTO10,DEVILS,2024,06/06/2024,20,Moseleya,3,NA,0,NA,0,NA,0
70,LTO10,DEVILS,2024,06/06/2024,22.5,NA,0,NA,0,NA,0,NA,0
70,LTO10,DEVILS,2024,06/06/2024,25,Trachyphyllia,8,NA,0,NA,0,NA,0
71,LTO13,PAO,2024,06/12/2024,0,Favites,1,NA,0,NA,0,NA,0
71,LTO13,PAO,2024,06/12/2024,2.5,NA,0,NA,0,NA,0,NA,0
71,LTO13,PAO,2024,06/12/2024,5,NA,0,NA,0,NA,0,NA,0
71,LTO13,PAO,2024,06/12/2024,7.5,Favites,45,NA,0,NA,0,NA,0
71,LTO13,PAO,2024,06/12/2024,10,NA,0,NA,0,NA,0,NA,0
71,LTO13,PAO,2024,06/12/2024,12.5,Goniastrea,5,NA,0,NA,0,NA,0
71,LTO13,PAO,2024,06/12/2024,15,Favia,4,NA,0,NA,0,NA,0
71,LTO13,PAO,2024,06/12/2024,17.5,NA,0,NA,0,NA,0,NA,0
71,LTO13,PAO,2024,06/12/2024,20,Favites,20,Porites,3,NA,0,NA,0
71,LTO13,PAO,2024,06/12/2024,22.5,Goniastrea,2,NA,0,NA,0,NA,0
71,LTO13,PAO,2024,06/12/2024,25,Favites,1,NA,0,NA,0,NA,0
72,LTO9,BATFISH,2024,6/19/2024,0,NA,0,NA,0,NA,0,NA,0
72,LTO9,BATFISH,2024,6/19/2024,2.5,NA,0,NA,0,NA,0,NA,0
72,LTO9,BATFISH,2024,6/19/2024,5,NA,0,NA,0,NA,0,NA,0
72,LTO9,BATFISH,2024,6/19/2024,7.5,NA,0,NA,0,NA,0,NA,0
72,LTO9,BATFISH,2024,6/19/2024,10,NA,0,NA,0,NA,0,NA,0
72,LTO9,BATFISH,2024,6/19/2024,12.5,NA,0,NA,0,NA,0,NA,0
72,LTO9,BATFISH,2024,6/19/2024,15,NA,0,NA,0,NA,0,NA,0
72,LTO9,BATFISH,2024,6/19/2024,17.5,NA,0,NA,0,NA,0,NA,0
72,LTO9,BATFISH,2024,6/19/2024,20,NA,0,NA,0,NA,0,NA,0
72,LTO9,BATFISH,2024,6/19/2024,22.5,NA,0,NA,0,NA,0,NA,0
72,LTO9,BATFISH,2024,6/19/2024,25,NA,0,NA,0,NA,0,NA,0
73,LTO13,PAO,2024,6/17/2024,0,NA,0,NA,0,NA,0,NA,0
73,LTO13,PAO,2024,6/17/2024,2.5,NA,0,NA,0,NA,0,NA,0
73,LTO13,PAO,2024,6/17/2024,5,Favia,10,NA,0,NA,0,NA,0
73,LTO13,PAO,2024,6/17/2024,7.5,Acropora ,5,NA,0,NA,0,NA,0
73,LTO13,PAO,2024,6/17/2024,10,Acropora ,23,Montipora,10,NA,0,NA,0
73,LTO13,PAO,2024,6/17/2024,12.5,Montipora,10,NA,0,NA,0,NA,0
73,LTO13,PAO,2024,6/17/2024,15,NA,0,NA,0,NA,0,NA,0
73,LTO13,PAO,2024,6/17/2024,17.5,NA,0,NA,0,NA,0,NA,0
73,LTO13,PAO,2024,6/17/2024,20,NA,0,NA,0,NA,0,NA,0
73,LTO13,PAO,2024,6/17/2024,22.5,Caulastraea,5,NA,0,NA,0,NA,0
73,LTO13,PAO,2024,6/17/2024,25,NA,0,NA,0,NA,0,NA,0
74,LTO10,DEVILS,2024,6/17/2024,0,NA,0,NA,0,NA,0,NA,0
74,LTO10,DEVILS,2024,6/17/2024,2.5,Favites,2,Lobophyllia,6,corallite,4,NA,0
74,LTO10,DEVILS,2024,6/17/2024,5,NA,0,NA,0,NA,0,NA,0
74,LTO10,DEVILS,2024,6/17/2024,7.5,Corallite,2,NA,0,NA,0,NA,0
74,LTO10,DEVILS,2024,6/17/2024,10,Lobophyllia,17,Goniastrea,7,NA,0,NA,0
74,LTO10,DEVILS,2024,6/17/2024,12.5,NA,0,NA,0,NA,0,NA,0
74,LTO10,DEVILS,2024,6/17/2024,15,NA,0,NA,0,NA,0,NA,0
74,LTO10,DEVILS,2024,6/17/2024,17.5,Favites,30,NA,0,NA,0,NA,0
74,LTO10,DEVILS,2024,6/17/2024,20,NA,0,NA,0,NA,0,NA,0
74,LTO10,DEVILS,2024,6/17/2024,22.5,Caulastraea,6,Favites,8,Pavona ,5,NA,0
74,LTO10,DEVILS,2024,6/17/2024,25,NA,0,NA,0,NA,0,NA,0
75,LTO8,CAVES,2024,6/19/2024,0,NA,0,NA,0,NA,0,NA,0
75,LTO8,CAVES,2024,6/19/2024,2.5,NA,0,NA,0,NA,0,NA,0
75,LTO8,CAVES,2024,6/19/2024,5,Porites,40,Acropora,8,NA,0,NA,0
75,LTO8,CAVES,2024,6/19/2024,7.5,NA,0,NA,0,NA,0,NA,0
75,LTO8,CAVES,2024,6/19/2024,10,Pocillopora,4,Porites,4,NA,0,NA,0
75,LTO8,CAVES,2024,6/19/2024,12.5,Porites,2,NA,0,NA,0,NA,0
75,LTO8,CAVES,2024,6/19/2024,15,Porites,9,Favia ,3,NA,0,NA,0
75,LTO8,CAVES,2024,6/19/2024,17.5,Acropora ,4,NA,0,NA,0,NA,0
75,LTO8,CAVES,2024,6/19/2024,20,NA,0,NA,0,NA,0,NA,0
75,LTO8,CAVES,2024,6/19/2024,22.5,Stylophora,3,NA,0,NA,0,NA,0
75,LTO8,CAVES,2024,6/19/2024,25,NA,0,NA,0,NA,0,NA,0
76,LTO9,BATFISH,2024,6/19/2024,0,NA,0,NA,0,NA,0,NA,0
76,LTO9,BATFISH,2024,6/19/2024,2.5,NA,0,NA,0,NA,0,NA,0
76,LTO9,BATFISH,2024,6/19/2024,5,NA,0,NA,0,NA,0,NA,0
76,LTO9,BATFISH,2024,6/19/2024,7.5,NA,0,NA,0,NA,0,NA,0
76,LTO9,BATFISH,2024,6/19/2024,10,NA,0,NA,0,NA,0,NA,0
76,LTO9,BATFISH,2024,6/19/2024,12.5,NA,0,NA,0,NA,0,NA,0
76,LTO9,BATFISH,2024,6/19/2024,15,NA,0,NA,0,NA,0,NA,0
76,LTO9,BATFISH,2024,6/19/2024,17.5,NA,0,NA,0,NA,0,NA,0
76,LTO9,BATFISH,2024,6/19/2024,20,NA,0,NA,0,NA,0,NA,0
76,LTO9,BATFISH,2024,6/19/2024,22.5,Acropora ,45,NA,0,NA,0,NA,0
76,LTO9,BATFISH,2024,6/19/2024,25,Acropora ,10,NA,0,NA,0,NA,0
77,LTO13,PAO,2024,5/31/2024,0,NA,0,NA,0,NA,0,NA,0
77,LTO13,PAO,2024,5/31/2024,2.5,Corallite,4,NA,0,NA,0,NA,0
77,LTO13,PAO,2024,5/31/2024,5,Stylophora,3,NA,0,NA,0,NA,0
77,LTO13,PAO,2024,5/31/2024,7.5,Favia,6,NA,0,NA,0,NA,0
77,LTO13,PAO,2024,5/31/2024,10,NA,0,NA,0,NA,0,NA,0
77,LTO13,PAO,2024,5/31/2024,12.5,NA,0,NA,0,NA,0,NA,0
77,LTO13,PAO,2024,5/31/2024,15,NA,0,NA,0,NA,0,NA,0
77,LTO13,PAO,2024,5/31/2024,17.5,NA,0,NA,0,NA,0,NA,0
77,LTO13,PAO,2024,5/31/2024,20,NA,0,NA,0,NA,0,NA,0
77,LTO13,PAO,2024,5/31/2024,22.5,NA,0,NA,0,NA,0,NA,0
77,LTO13,PAO,2024,5/31/2024,25,NA,0,NA,0,NA,0,NA,0
78,LTO10,DEVILS,2024,7/15/2024,0,Favites,1,NA,0,NA,0,NA,0
78,LTO10,DEVILS,2024,7/15/2024,2.5,Favites,2,Porites,2,Favites ,4,Favites,1
78,LTO10,DEVILS,2024,7/15/2024,5,NA,0,NA,0,NA,0,NA,0
78,LTO10,DEVILS,2024,7/15/2024,7.5,NA,0,NA,0,NA,0,NA,0
78,LTO10,DEVILS,2024,7/15/2024,10,NA,0,NA,0,NA,0,NA,0
78,LTO10,DEVILS,2024,7/15/2024,12.5,Isopora,12,Favites,6,Heteropsammia,2,NA,0
78,LTO10,DEVILS,2024,7/15/2024,15,NA,0,NA,0,NA,0,NA,0
78,LTO10,DEVILS,2024,7/15/2024,17.5,Favites,2,NA,0,NA,0,NA,0
78,LTO10,DEVILS,2024,7/15/2024,20,NA,0,NA,0,NA,0,NA,0
78,LTO10,DEVILS,2024,7/15/2024,22.5,NA,0,NA,0,NA,0,NA,0
78,LTO10,DEVILS,2024,7/15/2024,25,NA,0,NA,0,NA,0,NA,0
79,LT08,CAVES,2024,6/27/2024,0,Coscinaraea,100,NA,0,NA,0,NA,0
79,LT08,CAVES,2024,6/27/2024,2.5,Coscinaraea,30,NA,0,NA,0,NA,0
79,LT08,CAVES,2024,6/27/2024,5,Lithophyllon,20,Porites,20,Pavona,10,NA,0
79,LT08,CAVES,2024,6/27/2024,7.5,Tubastrea,20,NA,0,NA,0,NA,0
79,LT08,CAVES,2024,6/27/2024,10,Psammocora,33,Pavona,9,NA,0,NA,0
79,LT08,CAVES,2024,6/27/2024,12.5,Coscinaraea,50,Soft coral,20,NA,0,NA,0
79,LT08,CAVES,2024,6/27/2024,15,Coscinaraea,10,Favia,14,Porites,12,NA,0
79,LT08,CAVES,2024,6/27/2024,17.5,Coscinaraea,45,Porites,10,NA,0,NA,0
79,LT08,CAVES,2024,6/27/2024,20,Favites,8,Coscinaraea,35,NA,0,NA,0
79,LT08,CAVES,2024,6/27/2024,22.5,NA,0,NA,0,NA,0,NA,0
79,LT08,CAVES,2024,6/27/2024,25,NA,0,NA,0,NA,0,NA,0
80,LTO9,BATFISH,2024,7/30/2024,0,Thistle,2,NA,0,NA,0,NA,0
80,LTO9,BATFISH,2024,7/30/2024,2.5,NA,0,NA,0,NA,0,NA,0
80,LTO9,BATFISH,2024,7/30/2024,5,Porites,2,Favites,5,NA,0,NA,0
80,LTO9,BATFISH,2024,7/30/2024,7.5,Thistle,1,NA,0,NA,0,NA,0
80,LTO9,BATFISH,2024,7/30/2024,10,Thistle,12,Lobophyllia,3,NA,0,NA,0
80,LTO9,BATFISH,2024,7/30/2024,12.5,NA,0,NA,0,NA,0,NA,0
80,LTO9,BATFISH,2024,7/30/2024,15,NA,0,NA,0,NA,0,NA,0
80,LTO9,BATFISH,2024,7/30/2024,17.5,NA,0,NA,0,NA,0,NA,0
80,LTO9,BATFISH,2024,7/30/2024,20,NA,0,NA,0,NA,0,NA,0
80,LTO9,BATFISH,2024,7/30/2024,22.5,NA,0,NA,0,NA,0,NA,0
80,LTO9,BATFISH,2024,7/30/2024,25,NA,0,NA,0,NA,0,NA,0
81,LTO9,BATFISH,2024,06/12/2024,0,NA,0,NA,0,NA,0,NA,0
81,LTO9,BATFISH,2024,06/12/2024,2.5,Porites,15,NA,0,NA,0,NA,0
81,LTO9,BATFISH,2024,06/12/2024,5,NA,0,NA,0,NA,0,NA,0
81,LTO9,BATFISH,2024,06/12/2024,7.5,Pavona,95,NA,0,NA,0,NA,0
81,LTO9,BATFISH,2024,06/12/2024,10,NA,0,NA,0,NA,0,NA,0
81,LTO9,BATFISH,2024,06/12/2024,12.5,Pavona,89,NA,0,NA,0,NA,0
81,LTO9,BATFISH,2024,06/12/2024,15,NA,0,NA,0,NA,0,NA,0
81,LTO9,BATFISH,2024,06/12/2024,17.5,Goniastrea,10,NA,0,NA,0,NA,0
81,LTO9,BATFISH,2024,06/12/2024,20,Porites,20,Goniastrea,5,Cynarina,3,NA,0
81,LTO9,BATFISH,2024,06/12/2024,22.5,NA,0,NA,0,NA,0,NA,0
81,LTO9,BATFISH,2024,06/12/2024,25,Goniastrea,15,NA,0,NA,0,NA,0
82,LTO13,PAO,2024,6/26/2024,0,NA,0,NA,0,NA,0,NA,0
82,LTO13,PAO,2024,6/26/2024,2.5,Porites,4,NA,0,NA,0,NA,0
82,LTO13,PAO,2024,6/26/2024,5,Pocillopora,12,NA,0,NA,0,NA,0
82,LTO13,PAO,2024,6/26/2024,7.5,Stylophora,8,NA,0,NA,0,NA,0
82,LTO13,PAO,2024,6/26/2024,10,NA,0,NA,0,NA,0,NA,0
82,LTO13,PAO,2024,6/26/2024,12.5,Pocillopora,4,Favites,6,Pavona,7,NA,0
82,LTO13,PAO,2024,6/26/2024,15,Pavona,12,NA,0,NA,0,NA,0
82,LTO13,PAO,2024,6/26/2024,17.5,Pectinia ,25,Pocillopora,8,NA,0,NA,0
82,LTO13,PAO,2024,6/26/2024,20,NA,0,NA,0,NA,0,NA,0
82,LTO13,PAO,2024,6/26/2024,22.5,Favites,85,NA,0,NA,0,NA,0
82,LTO13,PAO,2024,6/26/2024,25,NA,0,NA,0,NA,0,NA,0
83,LTO9,BATFISH,2024,6/24/2024,0,NA,0,NA,0,NA,0,NA,0
83,LTO9,BATFISH,2024,6/24/2024,2.5,Favites,1,Pavona,5,Acropora,3,NA,0
83,LTO9,BATFISH,2024,6/24/2024,5,NA,0,NA,0,NA,0,NA,0
83,LTO9,BATFISH,2024,6/24/2024,7.5,Pachyseris,11,NA,0,NA,0,NA,0
83,LTO9,BATFISH,2024,6/24/2024,10,Stylophora,2,NA,0,NA,0,NA,0
83,LTO9,BATFISH,2024,6/24/2024,12.5,NA,0,NA,0,NA,0,NA,0
83,LTO9,BATFISH,2024,6/24/2024,15,Favites,2,Stylophora,3,Echinopora,7,NA,0
83,LTO9,BATFISH,2024,6/24/2024,17.5,NA,0,NA,0,NA,0,NA,0
83,LTO9,BATFISH,2024,6/24/2024,20,Leptoseris,8,NA,0,NA,0,NA,0
83,LTO9,BATFISH,2024,6/24/2024,22.5,Favites,2,Stylophora,2,NA,0,NA,0
83,LTO9,BATFISH,2024,6/24/2024,25,NA,0,NA,0,NA,0,NA,0
84,LTO9,BATFISH,2024,8/19/2024,0,NA,0,NA,0,NA,0,NA,0
84,LTO9,BATFISH,2024,8/19/2024,2.5,NA,0,NA,0,NA,0,NA,0
84,LTO9,BATFISH,2024,8/19/2024,5,NA,0,NA,0,NA,0,NA,0
84,LTO9,BATFISH,2024,8/19/2024,7.5,Porites,1,NA,0,NA,0,NA,0
84,LTO9,BATFISH,2024,8/19/2024,10,NA,0,NA,0,NA,0,NA,0
84,LTO9,BATFISH,2024,8/19/2024,12.5,NA,0,NA,0,NA,0,NA,0
84,LTO9,BATFISH,2024,8/19/2024,15,NA,0,NA,0,NA,0,NA,0
84,LTO9,BATFISH,2024,8/19/2024,17.5,Favites,5,Favites,2,NA,0,NA,0
84,LTO9,BATFISH,2024,8/19/2024,20,NA,0,NA,0,NA,0,NA,0
84,LTO9,BATFISH,2024,8/19/2024,22.5,Thistle,2,NA,0,NA,0,NA,0
84,LTO9,BATFISH,2024,8/19/2024,25,NA,0,NA,0,NA,0,NA,0
85,LTO8,BATFISH,2024,15/08/2023,0,NA,0,NA,0,NA,0,NA,0
85,LTO9,BATFISH,2024,15/08/2024,2.5,Porites,75,NA,0,NA,0,NA,0
85,LTO9,BATFISH,2024,15/08/2024,5,NA,0,NA,0,NA,0,NA,0
85,LTO9,BATFISH,2024,15/08/2024,7.5,NA,0,NA,0,NA,0,NA,0
85,LTO9,BATFISH,2024,15/08/2024,10,Porites,80,NA,0,NA,0,NA,0
85,LTO9,BATFISH,2024,15/08/2024,12.5,Porites,5,NA,0,NA,0,NA,0
85,LTO9,BATFISH,2024,15/08/2024,15,Porites,17,NA,0,NA,0,NA,0
85,LTO9,BATFISH,2024,15/08/2024,17.5,NA,0,NA,0,NA,0,NA,0
85,LTO9,BATFISH,2024,15/08/2024,20,NA,0,NA,0,NA,0,NA,0
85,LTO9,BATFISH,2024,15/08/2024,22.5,NA,0,NA,0,NA,0,NA,0
85,LTO9,BATFISH,2024,15/08/2024,25,NA,0,NA,0,NA,0,NA,0
86,LTO9,BATFISH,2024,7/17/2024,0,Favites,5,NA,0,NA,0,NA,0
86,LTO9,BATFISH,2024,7/17/2024,2.5,NA,0,NA,0,NA,0,NA,0
86,LTO9,BATFISH,2024,7/17/2024,5,NA,0,NA,0,NA,0,NA,0
86,LTO9,BATFISH,2024,7/17/2024,7.5,NA,0,NA,0,NA,0,NA,0
86,LTO9,BATFISH,2024,7/17/2024,10,NA,0,NA,0,NA,0,NA,0
86,LTO9,BATFISH,2024,7/17/2024,12.5,NA,0,NA,0,NA,0,NA,0
86,LTO9,BATFISH,2024,7/17/2024,15,NA,0,NA,0,NA,0,NA,0
86,LTO9,BATFISH,2024,7/17/2024,17.5,NA,0,NA,0,NA,0,NA,0
86,LTO9,BATFISH,2024,7/17/2024,20,NA,0,NA,0,NA,0,NA,0
86,LTO9,BATFISH,2024,7/17/2024,22.5,NA,0,NA,0,NA,0,NA,0
86,LTO9,BATFISH,2024,7/17/2024,25,NA,0,NA,0,NA,0,NA,0
87,LTO8,CAVES,2024,7/23/2024,0,Caulastraea,11,NA,0,NA,0,NA,0
87,LTO8,CAVES,2024,7/23/2024,2.5,Lobophytum ,77,NA,0,NA,0,NA,0
87,LTO8,CAVES,2024,7/23/2024,5,Thistle,6,NA,0,NA,0,NA,0
87,LTO8,CAVES,2024,7/23/2024,7.5,NA,0,NA,0,NA,0,NA,0
87,LTO8,CAVES,2024,7/23/2024,10,NA,0,NA,0,NA,0,NA,0
87,LTO8,CAVES,2024,7/23/2024,12.5,NA,0,NA,0,NA,0,NA,0
87,LTO8,CAVES,2024,7/23/2024,15,NA,0,NA,0,NA,0,NA,0
87,LTO8,CAVES,2024,7/23/2024,17.5,NA,0,NA,0,NA,0,NA,0
87,LTO8,CAVES,2024,7/23/2024,20,NA,0,NA,0,NA,0,NA,0
87,LTO8,CAVES,2024,7/23/2024,22.5,Lobophytum ,5,NA,0,NA,0,NA,0
87,LTO8,CAVES,2024,7/23/2024,25,NA,0,NA,0,NA,0,NA,0
88,LTO8,CAVES,2024,8/19/2024,0,NA,1,NA,0,NA,0,NA,0
88,LTO8,CAVES,2024,8/19/2024,2.5,NA,2,NA,0,NA,0,NA,0
88,LTO8,CAVES,2024,8/19/2024,5,NA,3,NA,0,NA,0,NA,0
88,LTO8,CAVES,2024,8/19/2024,7.5,Psammocora,2,NA,0,NA,0,NA,0
88,LTO8,CAVES,2024,8/19/2024,10,NA,0,NA,0,NA,0,NA,0
88,LTO8,CAVES,2024,8/19/2024,12.5,Lobophytum ,80,Lobophytum ,10,NA,0,NA,0
88,LTO8,CAVES,2024,8/19/2024,15,Sinularia,20,NA,0,NA,0,NA,0
88,LTO8,CAVES,2024,8/19/2024,17.5,Porites,1,Alcyonacea,4,NA,0,NA,0
88,LTO8,CAVES,2024,8/19/2024,20,NA,0,NA,0,NA,0,NA,0
88,LTO8,CAVES,2024,8/19/2024,22.5,NA,1,NA,0,NA,0,NA,0
88,LTO8,CAVES,2024,8/19/2024,25,NA,2,NA,0,NA,0,NA,0
89,LTO8,CAVES,2024,08/01/2024,0,NA,3,NA,0,NA,0,NA,0
89,LTO8,CAVES,2024,08/01/2024,2.5,Lobophytum ,8,NA,0,NA,0,NA,0
89,LTO8,CAVES,2024,08/01/2024,5,NA,0,NA,0,NA,0,NA,0
89,LTO8,CAVES,2024,08/01/2024,7.5,NA,0,NA,0,NA,0,NA,0
89,LTO8,CAVES,2024,08/01/2024,10,Acropora ,3,Favites ,2,Lobophytum ,5,NA,0
89,LTO8,CAVES,2024,08/01/2024,12.5,NA,0,NA,0,NA,0,NA,0
89,LTO8,CAVES,2024,08/01/2024,15,Favites,6,NA,0,NA,0,NA,0
89,LTO8,CAVES,2024,08/01/2024,17.5,NA,0,NA,0,NA,0,NA,0
89,LTO8,CAVES,2024,08/01/2024,20,NA,0,NA,0,NA,0,NA,0
89,LTO8,CAVES,2024,08/01/2024,22.5,NA,0,NA,0,NA,0,NA,0
89,LTO8,CAVES,2024,08/01/2024,25,NA,0,NA,0,NA,0,NA,0
90,LTO8,CAVES,2024,7/15/2024,0,Porites,2,NA,0,NA,0,NA,0
90,LTO8,CAVES,2024,7/15/2024,2.5,NA,0,NA,0,NA,0,NA,0
90,LTO8,CAVES,2024,7/15/2024,5,Sinularia,5,NA,0,NA,0,NA,0
90,LTO8,CAVES,2024,7/15/2024,7.5,NA,0,NA,0,NA,0,NA,0
90,LTO8,CAVES,2024,7/15/2024,10,NA,0,NA,0,NA,0,NA,0
90,LTO8,CAVES,2024,7/15/2024,12.5,NA,0,NA,0,NA,0,NA,0
90,LTO8,CAVES,2024,7/15/2024,15,soft coral,2,Anacropora,3,NA,0,NA,0
90,LTO8,CAVES,2024,7/15/2024,17.5,Lobophytum ,3,NA,0,NA,0,NA,0
90,LTO8,CAVES,2024,7/15/2024,20,NA,0,NA,0,NA,0,NA,0
90,LTO8,CAVES,2024,7/15/2024,22.5,NA,0,NA,0,NA,0,NA,0
90,LTO8,CAVES,2024,7/15/2024,25,soft coral,8,porites,1,NA,0,NA,0
91,LTO13,PAO,2024,07/09/2024,0,NA,0,NA,0,NA,0,NA,0
91,LTO13,PAO,2024,07/09/2024,2.5,Thistle,7,NA,0,NA,0,NA,0
91,LTO13,PAO,2024,07/09/2024,5,Thistle,60,NA,0,NA,0,NA,0
91,LTO13,PAO,2024,07/09/2024,7.5,Thistle,7,Leather coral - Lobophytum,5,Knob-horned coral - Pocillopora,3,NA,0
91,LTO13,PAO,2024,07/09/2024,10,NA,0,NA,0,NA,0,NA,0
91,LTO13,PAO,2024,07/09/2024,12.5,Favia,5,Acabaria sea fan - Acabaria,2,NA,0,NA,0
91,LTO13,PAO,2024,07/09/2024,15,Porites,7,NA,0,NA,0,NA,0
91,LTO13,PAO,2024,07/09/2024,17.5,NA,0,NA,0,NA,0,NA,0
91,LTO13,PAO,2024,07/09/2024,20,NA,1,NA,0,NA,0,NA,0
91,LTO13,PAO,2024,07/09/2024,22.5,NA,2,NA,0,NA,0,NA,0
91,LTO13,PAO,2024,07/09/2024,25,Favites,4,Labyrinthine brain coral,5,Heliopora,4,NA,0
92,LTO9,BATFISH,2024,07/09/2024,0,Favia,4,NA,0,NA,0,NA,0
92,LTO9,BATFISH,2024,07/09/2024,2.5,NA,0,NA,0,NA,0,NA,0
92,LTO9,BATFISH,2024,07/09/2024,5,NA,0,NA,0,NA,0,NA,0
92,LTO9,BATFISH,2024,07/09/2024,7.5,NA,0,NA,0,NA,0,NA,0
92,LTO9,BATFISH,2024,07/09/2024,10,NA,0,NA,0,NA,0,NA,0
92,LTO9,BATFISH,2024,07/09/2024,12.5,NA,0,NA,0,NA,0,NA,0
92,LTO9,BATFISH,2024,07/09/2024,15,Acropora ,10,Thistle coral,7,NA,0,NA,0
92,LTO9,BATFISH,2024,07/09/2024,17.5,Thistle,4,NA,0,NA,0,NA,0
92,LTO9,BATFISH,2024,07/09/2024,20,NA,0,NA,0,NA,0,NA,0
92,LTO9,BATFISH,2024,07/09/2024,22.5,NA,0,NA,0,NA,0,NA,0
92,LTO9,BATFISH,2024,07/09/2024,25,NA,0,NA,0,NA,0,NA,0
93,LTO9,BATFISH,2024,20/08/2024,0,NA,0,NA,0,NA,0,NA,0
93,LTO9,BATFISH,2024,20/08/2024,2.5,NA,0,NA,0,NA,0,NA,0
93,LTO9,BATFISH,2024,20/08/2024,5,NA,0,NA,0,NA,0,NA,0
93,LTO9,BATFISH,2024,20/08/2024,7.5,NA,0,NA,0,NA,0,NA,0
93,LTO9,BATFISH,2024,20/08/2024,10,NA,0,NA,0,NA,0,NA,0
93,LTO9,BATFISH,2024,20/08/2024,12.5,NA,0,NA,0,NA,0,NA,0
93,LTO9,BATFISH,2024,20/08/2024,15,NA,0,NA,0,NA,0,NA,0
93,LTO9,BATFISH,2024,20/08/2024,17.5,Pocillopora,17,Pocillopora verrucosa,3,NA,0,NA,0
93,LTO9,BATFISH,2024,20/08/2024,20,Sinularia,13,NA,0,NA,0,NA,0
93,LTO9,BATFISH,2024,20/08/2024,22.5,NA,0,NA,0,NA,0,NA,0
93,LTO9,BATFISH,2024,20/08/2024,25,NA,0,NA,0,NA,0,NA,0
94,LTO8,CAVES,2024,8/20/2024,0,NA,0,NA,0,NA,0,NA,0
94,LTO8,CAVES,2024,8/20/2024,2.5,NA,0,NA,0,NA,0,NA,0
94,LTO8,CAVES,2024,8/20/2024,5,NA,0,NA,0,NA,0,NA,0
94,LTO8,CAVES,2024,8/20/2024,7.5,NA,0,NA,0,NA,0,NA,0
94,LTO8,CAVES,2024,8/20/2024,10,NA,0,NA,0,NA,0,NA,0
94,LTO8,CAVES,2024,8/20/2024,12.5,NA,0,NA,0,NA,0,NA,0
94,LTO8,CAVES,2024,8/20/2024,15,NA,0,NA,0,NA,0,NA,0
94,LTO8,CAVES,2024,8/20/2024,17.5,NA,0,NA,0,NA,0,NA,0
94,LTO8,CAVES,2024,8/20/2024,20,NA,0,NA,0,NA,0,NA,0
94,LTO8,CAVES,2024,8/20/2024,22.5,NA,0,NA,0,NA,0,NA,0
94,LTO8,CAVES,2024,8/20/2024,25,NA,0,NA,0,NA,0,NA,0
95,LTO9 ,BATFISH,2024,7/25/2024,0,NA,0,NA,0,NA,0,NA,0
95,LTO9 ,BATFISH,2024,7/25/2024,2.5,NA,0,NA,0,NA,0,NA,0
95,LTO9 ,BATFISH,2024,7/25/2024,5,Thistle,15,Lobophytum ,5,Acropora ,15,NA,0
95,LTO9 ,BATFISH,2024,7/25/2024,7.5,NA,0,NA,0,NA,0,NA,0
95,LTO9 ,BATFISH,2024,7/25/2024,10,Acropora ,5,NA,0,NA,0,NA,0
95,LTO9 ,BATFISH,2024,7/25/2024,12.5,Lobophytum ,10,Symphyllia ,5,Favia ,5,NA,0
95,LTO9 ,BATFISH,2024,7/25/2024,15,Favites,10,NA,0,NA,0,NA,0
95,LTO9 ,BATFISH,2024,7/25/2024,17.5,NA,0,NA,0,NA,0,NA,0
95,LTO9 ,BATFISH,2024,7/25/2024,20,Seriatopora ,5,NA,0,NA,0,NA,0
95,LTO9 ,BATFISH,2024,7/25/2024,22.5,NA,0,NA,0,NA,0,NA,0
95,LTO9 ,BATFISH,2024,7/25/2024,25,NA,0,NA,0,NA,0,NA,0
96,LTO10,DEVILS,2024,8/22/2024,0,Acropora ,3,NA,0,NA,0,NA,0
96,LTO10,DEVILS,2024,8/22/2024,2.5,Pocillopora,7,Acropora - Clustered Finger Corals,3,NA,0,NA,0
96,LTO10,DEVILS,2024,8/22/2024,5,NA,0,NA,0,NA,0,NA,0
96,LTO10,DEVILS,2024,8/22/2024,7.5,Porites,2,NA,0,NA,0,NA,0
96,LTO10,DEVILS,2024,8/22/2024,10,NA,0,NA,0,NA,0,NA,0
96,LTO10,DEVILS,2024,8/22/2024,12.5,Porites,1,NA,0,NA,0,NA,0
96,LTO10,DEVILS,2024,8/22/2024,15,NA,0,NA,0,NA,0,NA,0
96,LTO10,DEVILS,2024,8/22/2024,17.5,NA,0,NA,0,NA,0,NA,0
96,LTO10,DEVILS,2024,8/22/2024,20,NA,0,NA,0,NA,0,NA,0
96,LTO10,DEVILS,2024,8/22/2024,22.5,NA,0,NA,0,NA,0,NA,0
96,LTO10,DEVILS,2024,8/22/2024,25,NA,0,NA,0,NA,0,NA,0
97,LTO10,DEVILS,2024,7/25/2024,0,Favia,2,NA,0,NA,0,NA,0
97,LTO10,DEVILS,2024,7/25/2024,2.5,NA,0,NA,0,NA,0,NA,0
97,LTO10,DEVILS,2024,7/25/2024,5,Acropora ,5,NA,0,NA,0,NA,0
97,LTO10,DEVILS,2024,7/25/2024,7.5,Thistle,10,NA,0,NA,0,NA,0
97,LTO10,DEVILS,2024,7/25/2024,10,NA,0,NA,0,NA,0,NA,0
97,LTO10,DEVILS,2024,7/25/2024,12.5,Thistle,5,acropora ,15,NA,0,NA,0
97,LTO10,DEVILS,2024,7/25/2024,15,NA,0,NA,0,NA,0,NA,0
97,LTO10,DEVILS,2024,7/25/2024,17.5,NA,0,NA,0,NA,0,NA,0
97,LTO10,DEVILS,2024,7/25/2024,20,NA,0,NA,0,NA,0,NA,0
97,LTO10,DEVILS,2024,7/25/2024,22.5,Acropora ,4,NA,0,NA,0,NA,0
97,LTO10,DEVILS,2024,7/25/2024,25,NA,0,NA,0,NA,0,NA,0
98,LTO10,DEVILS,2024,08/01/2024,0,Zooanthus,2,NA,0,NA,0,NA,0
98,LTO10,DEVILS,2024,08/01/2024,2.5,Favites,5,NA,0,NA,0,NA,0
98,LTO10,DEVILS,2024,08/01/2024,5,Lobophytum ,5,NA,0,NA,0,NA,0
98,LTO10,DEVILS,2024,08/01/2024,7.5,Favites,5,NA,0,NA,0,NA,0
98,LTO10,DEVILS,2024,08/01/2024,10,NA,0,NA,0,NA,0,NA,0
98,LTO10,DEVILS,2024,08/01/2024,12.5,NA,0,NA,0,NA,0,NA,0
98,LTO10,DEVILS,2024,08/01/2024,15,Sinularia,10,NA,0,NA,0,NA,0
98,LTO10,DEVILS,2024,08/01/2024,17.5,NA,0,NA,0,NA,0,NA,0
98,LTO10,DEVILS,2024,08/01/2024,20,Acropora ,20,NA,0,NA,0,NA,0
98,LTO10,DEVILS,2024,08/01/2024,22.5,Lobophytum ,5,Favites,5,NA,0,NA,0
98,LTO10,DEVILS,2024,08/01/2024,25,NA,0,NA,0,NA,0,NA,0
99,LTO8,DEVILS,2024,8/21/2024,0,Fungia ,1,NA,0,NA,0,NA,0
99,LTO8,DEVILS,2024,8/21/2024,2.5,NA,0,NA,0,NA,0,NA,0
99,LTO8,DEVILS,2024,8/21/2024,5,NA,0,NA,0,NA,0,NA,0
99,LTO8,DEVILS,2024,8/21/2024,7.5,NA,0,NA,0,NA,0,NA,0
99,LTO8,DEVILS,2024,8/21/2024,10,NA,0,NA,0,NA,0,NA,0
99,LTO8,DEVILS,2024,8/21/2024,12.5,NA,0,NA,0,NA,0,NA,0
99,LTO8,DEVILS,2024,8/21/2024,15,Favites,5,NA,0,NA,0,NA,0
99,LTO8,DEVILS,2024,8/21/2024,17.5,NA,0,NA,0,NA,0,NA,0
99,LTO8,DEVILS,2024,8/21/2024,20,NA,0,NA,0,NA,0,NA,0
99,LTO8,DEVILS,2024,8/21/2024,22.5,NA,0,NA,0,NA,0,NA,0
99,LTO8,DEVILS,2024,8/21/2024,25,NA,0,NA,0,NA,0,NA,0
100,LTO13,PAO,2024,7/23/2024,0,NA,0,NA,0,NA,0,NA,0
100,LTO13,PAO,2024,7/23/2024,2.5,NA,0,NA,0,NA,0,NA,0
100,LTO13,PAO,2024,7/23/2024,5,NA,0,NA,0,NA,0,NA,0
100,LTO13,PAO,2024,7/23/2024,7.5,NA,0,NA,0,NA,0,NA,0
100,LTO13,PAO,2024,7/23/2024,9,NA,0,NA,0,NA,0,NA,0
100,LTO13,PAO,2024,7/23/2024,12.5,NA,0,NA,0,NA,0,NA,0
100,LTO13,PAO,2024,7/23/2024,15,NA,0,NA,0,NA,0,NA,0
100,LTO13,PAO,2024,7/23/2024,17.5,NA,0,NA,0,NA,0,NA,0
100,LTO13,PAO,2024,7/23/2024,19,NA,0,NA,0,NA,0,NA,0
100,LTO13,PAO,2024,7/23/2024,22.5,Lobophytum ,50,NA,0,NA,0,NA,0
101,LTO8,CAVES,2024,8/21/2024,0,NA,0,NA,0,NA,0,NA,0
101,LTO8,CAVES,2024,8/21/2024,2.5,NA,0,NA,0,NA,0,NA,0
101,LTO8,CAVES,2024,8/21/2024,5,NA,0,NA,0,NA,0,NA,0
101,LTO8,CAVES,2024,8/21/2024,7.5,NA,0,NA,0,NA,0,NA,0
101,LTO8,CAVES,2024,8/21/2024,10,NA,0,NA,0,NA,0,NA,0
101,LTO8,CAVES,2024,8/21/2024,12.5,NA,0,NA,0,NA,0,NA,0
101,LTO8,CAVES,2024,8/21/2024,15,NA,0,NA,0,NA,0,NA,0
101,LTO8,CAVES,2024,8/21/2024,17.5,NA,0,NA,0,NA,0,NA,0
101,LTO8,CAVES,2024,8/21/2024,20,NA,0,NA,0,NA,0,NA,0
101,LTO8,CAVES,2024,8/21/2024,22.5,Favites,85,NA,0,NA,0,NA,0
101,LTO8,CAVES,2024,8/21/2024,25,Dendronephthya,15,Favites,2,NA,0,NA,0
102,LTO13,PAO,2024,7/30/2024,0,NA,0,NA,0,NA,0,NA,0
102,LTO13,PAO,2024,7/30/2024,2.5,Thistle,15,NA,0,NA,0,NA,0
102,LTO13,PAO,2024,7/30/2024,5,Thistle,10,NA,0,NA,0,NA,0
102,LTO13,PAO,2024,7/30/2024,7.5,NA,0,NA,0,NA,0,NA,0
102,LTO13,PAO,2024,7/30/2024,10,Acropora ,12,Porites,11,NA,0,NA,0
102,LTO13,PAO,2024,7/30/2024,12.5,NA,0,NA,0,NA,0,NA,0
102,LTO13,PAO,2024,7/30/2024,15,NA,0,NA,0,NA,0,NA,0
102,LTO13,PAO,2024,7/30/2024,17.5,Thistle,12,NA,0,NA,0,NA,0
102,LTO13,PAO,2024,7/30/2024,20,Thistle,6,NA,0,NA,0,NA,0
102,LTO13,PAO,2024,7/30/2024,22.5,NA,0,NA,0,NA,0,NA,0
102,LTO13,PAO,2024,7/30/2024,25,NA,0,NA,0,NA,0,NA,0
103,LTO13,PAO,2024,7/17/2024,0,Acropora ,2,NA,0,NA,0,NA,0
103,LTO13,PAO,2024,7/17/2024,2.5,NA,0,NA,0,NA,0,NA,0
103,LTO13,PAO,2024,7/17/2024,5,Favites,35,NA,0,NA,0,NA,0
103,LTO13,PAO,2024,7/17/2024,7.5,NA,0,NA,0,NA,0,NA,0
103,LTO13,PAO,2024,7/17/2024,10,NA,0,NA,0,NA,0,NA,0
103,LTO13,PAO,2024,7/17/2024,12.5,Acropora ,6,NA,0,NA,0,NA,0
103,LTO13,PAO,2024,7/17/2024,15,Lobophytum ,2,Favites ,5,NA,0,NA,0
103,LTO13,PAO,2024,7/17/2024,17.5,Acropora ,1,NA,0,NA,0,NA,0
103,LTO13,PAO,2024,7/17/2024,20,Asteraceae,11,Favites ,2,Favites ,2,NA,0
103,LTO13,PAO,2024,7/17/2024,22.5,Asteraceae,35,NA,0,NA,0,NA,0
103,LTO13,PAO,2024,7/17/2024,25,NA,0,NA,0,NA,0,NA,0
